INSERT into model(Name) values('Boeing 737');
INSERT into model(Name) values('Boeing 757');
INSERT into model(Name) values('Airbus A380');

INSERT into airplane(Tail_Number,Model) values('N12345', 1);
INSERT into airplane(Tail_Number,Model) values('C-FGHIJ', 1);
INSERT into airplane(Tail_Number,Model) values('G-KLMNO', 1);
INSERT into airplane(Tail_Number,Model) values('VH-PQRST', 2);
INSERT into airplane(Tail_Number,Model) values('B-UVWXYZ', 2);
INSERT into airplane(Tail_Number,Model) values('F-AAABBB', 2);
INSERT into airplane(Tail_Number,Model) values('D-EFGHIJ', 2);
INSERT into airplane(Tail_Number,Model) values('N98765', 3);


INSERT into airport(ICAO_Code, IATA_Code) values('WIII', 'CGK');
INSERT into location(Airport,Level,Name) values('WIII', 0, 'Tangerang');
INSERT into location(Airport,Level,Name) values('WIII', 1, 'Banten');
INSERT into location(Airport,Level,Name) values('WIII', 2, 'Indonesia');
INSERT into airport(ICAO_Code, IATA_Code) values('WADD', 'DPS');
INSERT into location(Airport,Level,Name) values('WADD', 0, 'Tuban');
INSERT into location(Airport,Level,Name) values('WADD', 1, 'Bali');
INSERT into location(Airport,Level,Name) values('WADD', 2, 'Indonesia');
INSERT into airport(ICAO_Code, IATA_Code) values('VCBI', 'BIA');
INSERT into location(Airport,Level,Name) values('VCBI', 0, 'Katunayake');
INSERT into location(Airport,Level,Name) values('VCBI', 1, 'Sri Lanka');
INSERT into airport(ICAO_Code, IATA_Code) values('VCRI', 'HRI');
INSERT into location(Airport,Level,Name) values('VCRI', 0, 'Hambantota');
INSERT into location(Airport,Level,Name) values('VCRI', 1, 'Sri Lanka');
INSERT into airport(ICAO_Code, IATA_Code) values('VIDP', 'DEL');
INSERT into location(Airport,Level,Name) values('VIDP', 0, 'New Delhi');
INSERT into location(Airport,Level,Name) values('VIDP', 1, 'Delhi');
INSERT into location(Airport,Level,Name) values('VIDP', 2, 'India');
INSERT into airport(ICAO_Code, IATA_Code) values('VABB', 'BOM');
INSERT into location(Airport,Level,Name) values('VABB', 0, 'Mumbai');
INSERT into location(Airport,Level,Name) values('VABB', 1, 'Maharashtra');
INSERT into location(Airport,Level,Name) values('VABB', 2, 'India');
INSERT into airport(ICAO_Code, IATA_Code) values('VOMM', 'MAA');
INSERT into location(Airport,Level,Name) values('VOMM', 0, 'Chennai');
INSERT into location(Airport,Level,Name) values('VOMM', 1, 'Tamil Nadu');
INSERT into location(Airport,Level,Name) values('VOMM', 2, 'India');
INSERT into airport(ICAO_Code, IATA_Code) values('VTBS', 'BKK');
INSERT into location(Airport,Level,Name) values('VTBS', 0, 'Bangkok');
INSERT into location(Airport,Level,Name) values('VTBS', 1, 'Thailand');
INSERT into airport(ICAO_Code, IATA_Code) values('VTBD', 'DMK');
INSERT into location(Airport,Level,Name) values('VTBD', 0, 'Bangkok');
INSERT into location(Airport,Level,Name) values('VTBD', 1, 'Thailand');
INSERT into airport(ICAO_Code, IATA_Code) values('WSSS', 'SIN');
INSERT into location(Airport,Level,Name) values('WSSS', 0, 'Changi');
INSERT into location(Airport,Level,Name) values('WSSS', 1, 'Singapore');


INSERT into route(Origin, Destination, Duration_Minutes) values('WIII', 'WADD', 100);
INSERT into route(Origin, Destination, Duration_Minutes) values('WIII', 'VCBI', 270);
INSERT into route(Origin, Destination, Duration_Minutes) values('WIII', 'VCRI', 260);
INSERT into route(Origin, Destination, Duration_Minutes) values('WIII', 'VOMM', 300);
INSERT into route(Origin, Destination, Duration_Minutes) values('WIII', 'VTBS', 210);
INSERT into route(Origin, Destination, Duration_Minutes) values('WIII', 'VTBD', 210);
INSERT into route(Origin, Destination, Duration_Minutes) values('WIII', 'WSSS', 90);
INSERT into route(Origin, Destination, Duration_Minutes) values('WADD', 'WIII', 100);
INSERT into route(Origin, Destination, Duration_Minutes) values('WADD', 'VTBS', 250);
INSERT into route(Origin, Destination, Duration_Minutes) values('WADD', 'VTBD', 250);
INSERT into route(Origin, Destination, Duration_Minutes) values('WADD', 'WSSS', 150);
INSERT into route(Origin, Destination, Duration_Minutes) values('VCBI', 'WIII', 270);
INSERT into route(Origin, Destination, Duration_Minutes) values('VCBI', 'WADD', 100);
INSERT into route(Origin, Destination, Duration_Minutes) values('VCBI', 'VCRI', 40);
INSERT into route(Origin, Destination, Duration_Minutes) values('VCBI', 'VOMM', 100);
INSERT into route(Origin, Destination, Duration_Minutes) values('VCBI', 'VTBS', 210);
INSERT into route(Origin, Destination, Duration_Minutes) values('VCBI', 'VTBD', 210);
INSERT into route(Origin, Destination, Duration_Minutes) values('VCBI', 'WSSS', 230);
INSERT into route(Origin, Destination, Duration_Minutes) values('VCRI', 'VCBI', 40);
INSERT into route(Origin, Destination, Duration_Minutes) values('VCRI', 'WSSS', 220);
INSERT into route(Origin, Destination, Duration_Minutes) values('VIDP', 'VCBI', 210);
INSERT into route(Origin, Destination, Duration_Minutes) values('VIDP', 'VOMM', 160);
INSERT into route(Origin, Destination, Duration_Minutes) values('VIDP', 'VABB', 110);
INSERT into route(Origin, Destination, Duration_Minutes) values('VIDP', 'VTBS', 250);
INSERT into route(Origin, Destination, Duration_Minutes) values('VIDP', 'VTBD', 250);
INSERT into route(Origin, Destination, Duration_Minutes) values('VABB', 'VCBI', 140);
INSERT into route(Origin, Destination, Duration_Minutes) values('VABB', 'VOMM', 100);
INSERT into route(Origin, Destination, Duration_Minutes) values('VABB', 'VIDP', 110);
INSERT into route(Origin, Destination, Duration_Minutes) values('VABB', 'VTBS', 250);
INSERT into route(Origin, Destination, Duration_Minutes) values('VABB', 'VTBD', 250);
INSERT into route(Origin, Destination, Duration_Minutes) values('VOMM', 'VCBI', 100);
INSERT into route(Origin, Destination, Duration_Minutes) values('VOMM', 'VIDP', 160);
INSERT into route(Origin, Destination, Duration_Minutes) values('VOMM', 'VABB', 100);
INSERT into route(Origin, Destination, Duration_Minutes) values('VOMM', 'VTBS', 190);
INSERT into route(Origin, Destination, Duration_Minutes) values('VOMM', 'VTBD', 190);
INSERT into route(Origin, Destination, Duration_Minutes) values('VTBS', 'WIII', 210);
INSERT into route(Origin, Destination, Duration_Minutes) values('VTBS', 'WADD', 250);
INSERT into route(Origin, Destination, Duration_Minutes) values('VTBS', 'VCBI', 210);
INSERT into route(Origin, Destination, Duration_Minutes) values('VTBS', 'WSSS', 130);
INSERT into route(Origin, Destination, Duration_Minutes) values('VTBD', 'WIII', 210);
INSERT into route(Origin, Destination, Duration_Minutes) values('VTBD', 'WADD', 250);
INSERT into route(Origin, Destination, Duration_Minutes) values('VTBD', 'VCBI', 210);
INSERT into route(Origin, Destination, Duration_Minutes) values('VTBD', 'WSSS', 130);
INSERT into route(Origin, Destination, Duration_Minutes) values('WSSS', 'WIII', 90);
INSERT into route(Origin, Destination, Duration_Minutes) values('WSSS', 'WADD', 150);
INSERT into route(Origin, Destination, Duration_Minutes) values('WSSS', 'VCBI', 230);
INSERT into route(Origin, Destination, Duration_Minutes) values('WSSS', 'VCRI', 220);
INSERT into route(Origin, Destination, Duration_Minutes) values('WSSS', 'VTBS', 130);
INSERT into route(Origin, Destination, Duration_Minutes) values('WSSS', 'VTBD', 130);


INSERT into scheduled_flight(Route, Airplane, Departure_Time) values(7, 'C-FGHIJ', '2023-11-15 00:00:00');
INSERT into scheduled_flight(Route, Airplane, Departure_Time) values(46, 'C-FGHIJ', '2023-11-15 10:00:00');
INSERT into scheduled_flight(Route, Airplane, Departure_Time) values(15, 'C-FGHIJ', '2023-11-15 20:30:00');
INSERT into scheduled_flight(Route, Airplane, Departure_Time) values(33, 'C-FGHIJ', '2023-11-16 06:00:00');
INSERT into scheduled_flight(Route, Airplane, Departure_Time) values(28, 'C-FGHIJ', '2023-11-16 17:30:00');
INSERT into scheduled_flight(Route, Airplane, Departure_Time) values(23, 'C-FGHIJ', '2023-11-17 02:00:00');
INSERT into scheduled_flight(Route, Airplane, Departure_Time) values(27, 'C-FGHIJ', '2023-11-17 14:30:00');
INSERT into scheduled_flight(Route, Airplane, Departure_Time) values(31, 'C-FGHIJ', '2023-11-18 02:00:00');
INSERT into scheduled_flight(Route, Airplane, Departure_Time) values(18, 'C-FGHIJ', '2023-11-18 16:00:00');
INSERT into scheduled_flight(Route, Airplane, Departure_Time) values(44, 'C-FGHIJ', '2023-11-19 05:30:00');
INSERT into scheduled_flight(Route, Airplane, Departure_Time) values(7, 'C-FGHIJ', '2023-11-22 20:00:00');
INSERT into scheduled_flight(Route, Airplane, Departure_Time) values(46, 'C-FGHIJ', '2023-11-23 10:00:00');
INSERT into scheduled_flight(Route, Airplane, Departure_Time) values(15, 'C-FGHIJ', '2023-11-23 20:30:00');
INSERT into scheduled_flight(Route, Airplane, Departure_Time) values(33, 'C-FGHIJ', '2023-11-24 06:00:00');
INSERT into scheduled_flight(Route, Airplane, Departure_Time) values(32, 'N12345', '2023-11-15 04:00:00');
INSERT into scheduled_flight(Route, Airplane, Departure_Time) values(23, 'N12345', '2023-11-15 15:00:00');
INSERT into scheduled_flight(Route, Airplane, Departure_Time) values(29, 'N12345', '2023-11-16 02:30:00');
INSERT into scheduled_flight(Route, Airplane, Departure_Time) values(38, 'N12345', '2023-11-16 11:00:00');
INSERT into scheduled_flight(Route, Airplane, Departure_Time) values(17, 'N12345', '2023-11-16 23:30:00');
INSERT into scheduled_flight(Route, Airplane, Departure_Time) values(40, 'N12345', '2023-11-17 05:00:00');
INSERT into scheduled_flight(Route, Airplane, Departure_Time) values(1, 'N12345', '2023-11-17 16:00:00');
INSERT into scheduled_flight(Route, Airplane, Departure_Time) values(11, 'N12345', '2023-11-18 03:30:00');
INSERT into scheduled_flight(Route, Airplane, Departure_Time) values(47, 'N12345', '2023-11-18 20:00:00');
INSERT into scheduled_flight(Route, Airplane, Departure_Time) values(19, 'N12345', '2023-11-19 08:00:00');
INSERT into scheduled_flight(Route, Airplane, Departure_Time) values(15, 'N12345', '2023-11-19 19:30:00');
INSERT into scheduled_flight(Route, Airplane, Departure_Time) values(34, 'N12345', '2023-11-20 03:30:00');
INSERT into scheduled_flight(Route, Airplane, Departure_Time) values(39, 'N12345', '2023-11-20 22:30:00');
INSERT into scheduled_flight(Route, Airplane, Departure_Time) values(45, 'N12345', '2023-11-21 12:00:00');
INSERT into scheduled_flight(Route, Airplane, Departure_Time) values(9, 'N12345', '2023-11-22 00:30:00');
INSERT into scheduled_flight(Route, Airplane, Departure_Time) values(37, 'N12345', '2023-11-22 11:30:00');
INSERT into scheduled_flight(Route, Airplane, Departure_Time) values(8, 'N12345', '2023-11-22 23:00:00');
INSERT into scheduled_flight(Route, Airplane, Departure_Time) values(2, 'N12345', '2023-11-23 05:00:00');
INSERT into scheduled_flight(Route, Airplane, Departure_Time) values(14, 'N12345', '2023-11-23 17:00:00');
INSERT into scheduled_flight(Route, Airplane, Departure_Time) values(20, 'N12345', '2023-11-24 01:30:00');
INSERT into scheduled_flight(Route, Airplane, Departure_Time) values(48, 'N12345', '2023-11-24 15:00:00');
INSERT into scheduled_flight(Route, Airplane, Departure_Time) values(46, 'G-KLMNO', '2023-11-15 02:00:00');
INSERT into scheduled_flight(Route, Airplane, Departure_Time) values(15, 'G-KLMNO', '2023-11-15 14:30:00');
INSERT into scheduled_flight(Route, Airplane, Departure_Time) values(32, 'G-KLMNO', '2023-11-16 03:00:00');
INSERT into scheduled_flight(Route, Airplane, Departure_Time) values(21, 'G-KLMNO', '2023-11-16 15:30:00');
INSERT into scheduled_flight(Route, Airplane, Departure_Time) values(12, 'G-KLMNO', '2023-11-17 06:00:00');
INSERT into scheduled_flight(Route, Airplane, Departure_Time) values(2, 'G-KLMNO', '2023-11-17 13:30:00');
INSERT into scheduled_flight(Route, Airplane, Departure_Time) values(16, 'G-KLMNO', '2023-11-18 04:30:00');
INSERT into scheduled_flight(Route, Airplane, Departure_Time) values(37, 'G-KLMNO', '2023-11-18 20:30:00');
INSERT into scheduled_flight(Route, Airplane, Departure_Time) values(9, 'G-KLMNO', '2023-11-19 07:00:00');
INSERT into scheduled_flight(Route, Airplane, Departure_Time) values(39, 'G-KLMNO', '2023-11-19 17:30:00');
INSERT into scheduled_flight(Route, Airplane, Departure_Time) values(44, 'G-KLMNO', '2023-11-20 00:30:00');
INSERT into scheduled_flight(Route, Airplane, Departure_Time) values(7, 'G-KLMNO', '2023-11-20 19:30:00');
INSERT into scheduled_flight(Route, Airplane, Departure_Time) values(47, 'G-KLMNO', '2023-11-21 05:00:00');
INSERT into scheduled_flight(Route, Airplane, Departure_Time) values(19, 'G-KLMNO', '2023-11-21 15:00:00');
INSERT into scheduled_flight(Route, Airplane, Departure_Time) values(17, 'G-KLMNO', '2023-11-22 15:00:00');
INSERT into scheduled_flight(Route, Airplane, Departure_Time) values(41, 'G-KLMNO', '2023-11-23 02:00:00');
INSERT into scheduled_flight(Route, Airplane, Departure_Time) values(8, 'G-KLMNO', '2023-11-23 23:00:00');
INSERT into scheduled_flight(Route, Airplane, Departure_Time) values(33, 'G-KLMNO', '2023-11-24 06:30:00');
INSERT into scheduled_flight(Route, Airplane, Departure_Time) values(26, 'G-KLMNO', '2023-11-24 22:00:00');
INSERT into scheduled_flight(Route, Airplane, Departure_Time) values(37, 'VH-PQRST', '2023-11-15 03:00:00');
INSERT into scheduled_flight(Route, Airplane, Departure_Time) values(9, 'VH-PQRST', '2023-11-15 15:30:00');
INSERT into scheduled_flight(Route, Airplane, Departure_Time) values(38, 'VH-PQRST', '2023-11-16 04:00:00');
INSERT into scheduled_flight(Route, Airplane, Departure_Time) values(17, 'VH-PQRST', '2023-11-16 16:30:00');
INSERT into scheduled_flight(Route, Airplane, Departure_Time) values(40, 'VH-PQRST', '2023-11-17 07:00:00');
INSERT into scheduled_flight(Route, Airplane, Departure_Time) values(3, 'VH-PQRST', '2023-11-17 14:30:00');
INSERT into scheduled_flight(Route, Airplane, Departure_Time) values(20, 'VH-PQRST', '2023-11-18 05:30:00');
INSERT into scheduled_flight(Route, Airplane, Departure_Time) values(49, 'VH-PQRST', '2023-11-18 21:30:00');
INSERT into scheduled_flight(Route, Airplane, Departure_Time) values(42, 'VH-PQRST', '2023-11-19 08:00:00');
INSERT into scheduled_flight(Route, Airplane, Departure_Time) values(15, 'VH-PQRST', '2023-11-19 18:30:00');
INSERT into scheduled_flight(Route, Airplane, Departure_Time) values(38, 'VH-PQRST', '2023-11-20 01:30:00');
INSERT into scheduled_flight(Route, Airplane, Departure_Time) values(28, 'VH-PQRST', '2023-11-20 20:30:00');
INSERT into scheduled_flight(Route, Airplane, Departure_Time) values(23, 'VH-PQRST', '2023-11-21 06:00:00');
INSERT into scheduled_flight(Route, Airplane, Departure_Time) values(27, 'VH-PQRST', '2023-11-21 16:00:00');
INSERT into scheduled_flight(Route, Airplane, Departure_Time) values(31, 'VH-PQRST', '2023-11-22 02:30:00');
INSERT into scheduled_flight(Route, Airplane, Departure_Time) values(18, 'VH-PQRST', '2023-11-22 14:30:00');
INSERT into scheduled_flight(Route, Airplane, Departure_Time) values(44, 'VH-PQRST', '2023-11-23 03:00:00');
INSERT into scheduled_flight(Route, Airplane, Departure_Time) values(6, 'VH-PQRST', '2023-11-23 20:00:00');
INSERT into scheduled_flight(Route, Airplane, Departure_Time) values(43, 'VH-PQRST', '2023-11-24 07:30:00');
INSERT into scheduled_flight(Route, Airplane, Departure_Time) values(46, 'VH-PQRST', '2023-11-24 23:00:00');
INSERT into scheduled_flight(Route, Airplane, Departure_Time) values(46, 'B-UVWXYZ', '2023-11-15 00:00:00');
INSERT into scheduled_flight(Route, Airplane, Departure_Time) values(15, 'B-UVWXYZ', '2023-11-15 12:30:00');
INSERT into scheduled_flight(Route, Airplane, Departure_Time) values(33, 'B-UVWXYZ', '2023-11-16 01:00:00');
INSERT into scheduled_flight(Route, Airplane, Departure_Time) values(32, 'B-UVWXYZ', '2023-11-16 13:30:00');
INSERT into scheduled_flight(Route, Airplane, Departure_Time) values(26, 'B-UVWXYZ', '2023-11-17 04:00:00');
INSERT into scheduled_flight(Route, Airplane, Departure_Time) values(37, 'B-UVWXYZ', '2023-11-17 11:30:00');
INSERT into scheduled_flight(Route, Airplane, Departure_Time) values(9, 'B-UVWXYZ', '2023-11-18 02:30:00');
INSERT into scheduled_flight(Route, Airplane, Departure_Time) values(37, 'B-UVWXYZ', '2023-11-18 18:30:00');
INSERT into scheduled_flight(Route, Airplane, Departure_Time) values(8, 'B-UVWXYZ', '2023-11-19 05:00:00');
INSERT into scheduled_flight(Route, Airplane, Departure_Time) values(2, 'B-UVWXYZ', '2023-11-19 15:30:00');
INSERT into scheduled_flight(Route, Airplane, Departure_Time) values(14, 'B-UVWXYZ', '2023-11-20 08:30:00');
INSERT into scheduled_flight(Route, Airplane, Departure_Time) values(20, 'B-UVWXYZ', '2023-11-20 22:30:00');
INSERT into scheduled_flight(Route, Airplane, Departure_Time) values(49, 'B-UVWXYZ', '2023-11-21 06:30:00');
INSERT into scheduled_flight(Route, Airplane, Departure_Time) values(42, 'B-UVWXYZ', '2023-11-21 17:30:00');
INSERT into scheduled_flight(Route, Airplane, Departure_Time) values(15, 'B-UVWXYZ', '2023-11-22 03:00:00');
INSERT into scheduled_flight(Route, Airplane, Departure_Time) values(32, 'B-UVWXYZ', '2023-11-22 11:00:00');
INSERT into scheduled_flight(Route, Airplane, Departure_Time) values(21, 'B-UVWXYZ', '2023-11-23 03:30:00');
INSERT into scheduled_flight(Route, Airplane, Departure_Time) values(12, 'B-UVWXYZ', '2023-11-23 21:30:00');
INSERT into scheduled_flight(Route, Airplane, Departure_Time) values(2, 'B-UVWXYZ', '2023-11-24 04:00:00');
INSERT into scheduled_flight(Route, Airplane, Departure_Time) values(16, 'B-UVWXYZ', '2023-11-24 20:00:00');
INSERT into scheduled_flight(Route, Airplane, Departure_Time) values(34, 'F-AAABBB', '2023-11-15 01:00:00');
INSERT into scheduled_flight(Route, Airplane, Departure_Time) values(39, 'F-AAABBB', '2023-11-15 21:00:00');
INSERT into scheduled_flight(Route, Airplane, Departure_Time) values(45, 'F-AAABBB', '2023-11-16 08:30:00');
INSERT into scheduled_flight(Route, Airplane, Departure_Time) values(8, 'F-AAABBB', '2023-11-16 20:00:00');
INSERT into scheduled_flight(Route, Airplane, Departure_Time) values(3, 'F-AAABBB', '2023-11-17 07:30:00');
INSERT into scheduled_flight(Route, Airplane, Departure_Time) values(20, 'F-AAABBB', '2023-11-17 16:00:00');
INSERT into scheduled_flight(Route, Airplane, Departure_Time) values(49, 'F-AAABBB', '2023-11-18 03:00:00');
INSERT into scheduled_flight(Route, Airplane, Departure_Time) values(42, 'F-AAABBB', '2023-11-18 19:00:00');
INSERT into scheduled_flight(Route, Airplane, Departure_Time) values(14, 'F-AAABBB', '2023-11-19 06:00:00');
INSERT into scheduled_flight(Route, Airplane, Departure_Time) values(20, 'F-AAABBB', '2023-11-19 16:30:00');
INSERT into scheduled_flight(Route, Airplane, Departure_Time) values(48, 'F-AAABBB', '2023-11-20 05:30:00');
INSERT into scheduled_flight(Route, Airplane, Departure_Time) values(37, 'F-AAABBB', '2023-11-20 21:30:00');
INSERT into scheduled_flight(Route, Airplane, Departure_Time) values(8, 'F-AAABBB', '2023-11-21 09:30:00');
INSERT into scheduled_flight(Route, Airplane, Departure_Time) values(2, 'F-AAABBB', '2023-11-21 23:30:00');
INSERT into scheduled_flight(Route, Airplane, Departure_Time) values(14, 'F-AAABBB', '2023-11-22 10:00:00');
INSERT into scheduled_flight(Route, Airplane, Departure_Time) values(20, 'F-AAABBB', '2023-11-22 20:00:00');
INSERT into scheduled_flight(Route, Airplane, Departure_Time) values(44, 'F-AAABBB', '2023-11-23 06:30:00');
INSERT into scheduled_flight(Route, Airplane, Departure_Time) values(7, 'F-AAABBB', '2023-11-23 18:30:00');
INSERT into scheduled_flight(Route, Airplane, Departure_Time) values(47, 'F-AAABBB', '2023-11-24 01:00:00');
INSERT into scheduled_flight(Route, Airplane, Departure_Time) values(19, 'F-AAABBB', '2023-11-24 17:00:00');
INSERT into scheduled_flight(Route, Airplane, Departure_Time) values(5, 'D-EFGHIJ', '2023-11-15 03:30:00');
INSERT into scheduled_flight(Route, Airplane, Departure_Time) values(38, 'D-EFGHIJ', '2023-11-15 19:30:00');
INSERT into scheduled_flight(Route, Airplane, Departure_Time) values(7, 'D-EFGHIJ', '2023-11-16 11:00:00');
INSERT into scheduled_flight(Route, Airplane, Departure_Time) values(15, 'D-EFGHIJ', '2023-11-16 23:30:00');
INSERT into scheduled_flight(Route, Airplane, Departure_Time) values(32, 'D-EFGHIJ', '2023-11-17 12:00:00');
INSERT into scheduled_flight(Route, Airplane, Departure_Time) values(25, 'D-EFGHIJ', '2023-11-17 20:30:00');
INSERT into scheduled_flight(Route, Airplane, Departure_Time) values(40, 'D-EFGHIJ', '2023-11-18 08:30:00');
INSERT into scheduled_flight(Route, Airplane, Departure_Time) values(5, 'D-EFGHIJ', '2023-11-18 18:30:00');
INSERT into scheduled_flight(Route, Airplane, Departure_Time) values(38, 'D-EFGHIJ', '2023-11-19 11:30:00');
INSERT into scheduled_flight(Route, Airplane, Departure_Time) values(17, 'D-EFGHIJ', '2023-11-19 22:00:00');
INSERT into scheduled_flight(Route, Airplane, Departure_Time) values(40, 'D-EFGHIJ', '2023-11-20 12:00:00');
INSERT into scheduled_flight(Route, Airplane, Departure_Time) values(3, 'D-EFGHIJ', '2023-11-21 02:00:00');
INSERT into scheduled_flight(Route, Airplane, Departure_Time) values(20, 'D-EFGHIJ', '2023-11-21 15:00:00');
INSERT into scheduled_flight(Route, Airplane, Departure_Time) values(49, 'D-EFGHIJ', '2023-11-22 00:30:00');
INSERT into scheduled_flight(Route, Airplane, Departure_Time) values(42, 'D-EFGHIJ', '2023-11-22 12:30:00');
INSERT into scheduled_flight(Route, Airplane, Departure_Time) values(11, 'D-EFGHIJ', '2023-11-22 23:00:00');
INSERT into scheduled_flight(Route, Airplane, Departure_Time) values(47, 'D-EFGHIJ', '2023-11-23 13:00:00');
INSERT into scheduled_flight(Route, Airplane, Departure_Time) values(19, 'D-EFGHIJ', '2023-11-24 01:30:00');
INSERT into scheduled_flight(Route, Airplane, Departure_Time) values(13, 'D-EFGHIJ', '2023-11-24 14:30:00');
INSERT into scheduled_flight(Route, Airplane, Departure_Time) values(9, 'D-EFGHIJ', '2023-11-24 23:00:00');
INSERT into scheduled_flight(Route, Airplane, Departure_Time) values(8, 'N98765', '2023-11-15 02:00:00');
INSERT into scheduled_flight(Route, Airplane, Departure_Time) values(2, 'N98765', '2023-11-15 11:00:00');
INSERT into scheduled_flight(Route, Airplane, Departure_Time) values(14, 'N98765', '2023-11-16 04:30:00');
INSERT into scheduled_flight(Route, Airplane, Departure_Time) values(20, 'N98765', '2023-11-16 18:00:00');
INSERT into scheduled_flight(Route, Airplane, Departure_Time) values(48, 'N98765', '2023-11-17 05:30:00');
INSERT into scheduled_flight(Route, Airplane, Departure_Time) values(36, 'N98765', '2023-11-17 16:00:00');
INSERT into scheduled_flight(Route, Airplane, Departure_Time) values(1, 'N98765', '2023-11-18 03:00:00');
INSERT into scheduled_flight(Route, Airplane, Departure_Time) values(11, 'N98765', '2023-11-18 13:00:00');
INSERT into scheduled_flight(Route, Airplane, Departure_Time) values(47, 'N98765', '2023-11-19 05:00:00');
INSERT into scheduled_flight(Route, Airplane, Departure_Time) values(19, 'N98765', '2023-11-19 15:30:00');
INSERT into scheduled_flight(Route, Airplane, Departure_Time) values(13, 'N98765', '2023-11-20 08:00:00');
INSERT into scheduled_flight(Route, Airplane, Departure_Time) values(9, 'N98765', '2023-11-21 00:30:00');
INSERT into scheduled_flight(Route, Airplane, Departure_Time) values(38, 'N98765', '2023-11-21 09:30:00');
INSERT into scheduled_flight(Route, Airplane, Departure_Time) values(15, 'N98765', '2023-11-22 20:30:00');
INSERT into scheduled_flight(Route, Airplane, Departure_Time) values(34, 'N98765', '2023-11-23 09:00:00');
INSERT into scheduled_flight(Route, Airplane, Departure_Time) values(39, 'N98765', '2023-11-23 22:00:00');
INSERT into scheduled_flight(Route, Airplane, Departure_Time) values(45, 'N98765', '2023-11-24 08:30:00');
INSERT into scheduled_flight(Route, Airplane, Departure_Time) values(8, 'N98765', '2023-11-24 15:30:00');
INSERT into scheduled_flight(Route, Airplane, Departure_Time) values(39, 'C-FGHIJ', '2023-09-27 06:30:00');


INSERT into Class(Class_Name, Class_Code) values('Economy', 'E');
INSERT into Class(Class_Name, Class_Code) values('Business', 'B');
INSERT into Class(Class_Name, Class_Code) values('Platinum', 'P');


INSERT into capacity(Model, Class, Seats_count) values(1, 'Economy', 142);
INSERT into capacity(Model, Class, Seats_count) values(1, 'Business', 4);
INSERT into capacity(Model, Class, Seats_count) values(1, 'Platinum', 0);
INSERT into capacity(Model, Class, Seats_count) values(2, 'Economy', 162);
INSERT into capacity(Model, Class, Seats_count) values(2, 'Business', 6);
INSERT into capacity(Model, Class, Seats_count) values(2, 'Platinum', 2);
INSERT into capacity(Model, Class, Seats_count) values(3, 'Economy', 562);
INSERT into capacity(Model, Class, Seats_count) values(3, 'Business', 24);
INSERT into capacity(Model, Class, Seats_count) values(3, 'Platinum', 12);


INSERT into base_price(Class, Route, Price) values('Economy', 1, 150);
INSERT into base_price(Class, Route, Price) values('Business', 1, 250);
INSERT into base_price(Class, Route, Price) values('Platinum', 1, 400);
INSERT into base_price(Class, Route, Price) values('Economy', 2, 160);
INSERT into base_price(Class, Route, Price) values('Business', 2, 250);
INSERT into base_price(Class, Route, Price) values('Platinum', 2, 380);
INSERT into base_price(Class, Route, Price) values('Economy', 3, 160);
INSERT into base_price(Class, Route, Price) values('Business', 3, 260);
INSERT into base_price(Class, Route, Price) values('Platinum', 3, 360);
INSERT into base_price(Class, Route, Price) values('Economy', 4, 160);
INSERT into base_price(Class, Route, Price) values('Business', 4, 270);
INSERT into base_price(Class, Route, Price) values('Platinum', 4, 340);
INSERT into base_price(Class, Route, Price) values('Economy', 5, 190);
INSERT into base_price(Class, Route, Price) values('Business', 5, 280);
INSERT into base_price(Class, Route, Price) values('Platinum', 5, 320);
INSERT into base_price(Class, Route, Price) values('Economy', 6, 200);
INSERT into base_price(Class, Route, Price) values('Business', 6, 290);
INSERT into base_price(Class, Route, Price) values('Platinum', 6, 350);
INSERT into base_price(Class, Route, Price) values('Economy', 7, 110);
INSERT into base_price(Class, Route, Price) values('Business', 7, 150);
INSERT into base_price(Class, Route, Price) values('Platinum', 7, 200);
INSERT into base_price(Class, Route, Price) values('Economy', 8, 150);
INSERT into base_price(Class, Route, Price) values('Business', 8, 250);
INSERT into base_price(Class, Route, Price) values('Platinum', 8, 400);
INSERT into base_price(Class, Route, Price) values('Economy', 9, 230);
INSERT into base_price(Class, Route, Price) values('Business', 9, 320);
INSERT into base_price(Class, Route, Price) values('Platinum', 9, 440);
INSERT into base_price(Class, Route, Price) values('Economy', 10, 210);
INSERT into base_price(Class, Route, Price) values('Business', 10, 330);
INSERT into base_price(Class, Route, Price) values('Platinum', 10, 420);
INSERT into base_price(Class, Route, Price) values('Economy', 11, 200);
INSERT into base_price(Class, Route, Price) values('Business', 11, 340);
INSERT into base_price(Class, Route, Price) values('Platinum', 11, 400);
INSERT into base_price(Class, Route, Price) values('Economy', 12, 160);
INSERT into base_price(Class, Route, Price) values('Business', 12, 250);
INSERT into base_price(Class, Route, Price) values('Platinum', 12, 380);
INSERT into base_price(Class, Route, Price) values('Economy', 13, 170);
INSERT into base_price(Class, Route, Price) values('Business', 13, 360);
INSERT into base_price(Class, Route, Price) values('Platinum', 13, 460);
INSERT into base_price(Class, Route, Price) values('Economy', 14, 50);
INSERT into base_price(Class, Route, Price) values('Business', 14, 80);
INSERT into base_price(Class, Route, Price) values('Platinum', 14, 100);
INSERT into base_price(Class, Route, Price) values('Economy', 15, 190);
INSERT into base_price(Class, Route, Price) values('Business', 15, 380);
INSERT into base_price(Class, Route, Price) values('Platinum', 15, 420);
INSERT into base_price(Class, Route, Price) values('Economy', 16, 200);
INSERT into base_price(Class, Route, Price) values('Business', 16, 340);
INSERT into base_price(Class, Route, Price) values('Platinum', 16, 500);
INSERT into base_price(Class, Route, Price) values('Economy', 17, 310);
INSERT into base_price(Class, Route, Price) values('Business', 17, 400);
INSERT into base_price(Class, Route, Price) values('Platinum', 17, 500);
INSERT into base_price(Class, Route, Price) values('Economy', 18, 160);
INSERT into base_price(Class, Route, Price) values('Business', 18, 200);
INSERT into base_price(Class, Route, Price) values('Platinum', 18, 250);
INSERT into base_price(Class, Route, Price) values('Economy', 19, 50);
INSERT into base_price(Class, Route, Price) values('Business', 19, 80);
INSERT into base_price(Class, Route, Price) values('Platinum', 19, 100);
INSERT into base_price(Class, Route, Price) values('Economy', 20, 340);
INSERT into base_price(Class, Route, Price) values('Business', 20, 430);
INSERT into base_price(Class, Route, Price) values('Platinum', 20, 520);
INSERT into base_price(Class, Route, Price) values('Economy', 21, 350);
INSERT into base_price(Class, Route, Price) values('Business', 21, 440);
INSERT into base_price(Class, Route, Price) values('Platinum', 21, 510);
INSERT into base_price(Class, Route, Price) values('Economy', 22, 170);
INSERT into base_price(Class, Route, Price) values('Business', 22, 250);
INSERT into base_price(Class, Route, Price) values('Platinum', 22, 300);
INSERT into base_price(Class, Route, Price) values('Economy', 23, 270);
INSERT into base_price(Class, Route, Price) values('Business', 23, 360);
INSERT into base_price(Class, Route, Price) values('Platinum', 23, 400);
INSERT into base_price(Class, Route, Price) values('Economy', 24, 180);
INSERT into base_price(Class, Route, Price) values('Business', 24, 270);
INSERT into base_price(Class, Route, Price) values('Platinum', 24, 290);
INSERT into base_price(Class, Route, Price) values('Economy', 25, 190);
INSERT into base_price(Class, Route, Price) values('Business', 25, 280);
INSERT into base_price(Class, Route, Price) values('Platinum', 25, 390);
INSERT into base_price(Class, Route, Price) values('Economy', 26, 200);
INSERT into base_price(Class, Route, Price) values('Business', 26, 290);
INSERT into base_price(Class, Route, Price) values('Platinum', 26, 350);
INSERT into base_price(Class, Route, Price) values('Economy', 27, 210);
INSERT into base_price(Class, Route, Price) values('Business', 27, 300);
INSERT into base_price(Class, Route, Price) values('Platinum', 27, 440);
INSERT into base_price(Class, Route, Price) values('Economy', 28, 270);
INSERT into base_price(Class, Route, Price) values('Business', 28, 360);
INSERT into base_price(Class, Route, Price) values('Platinum', 28, 400);
INSERT into base_price(Class, Route, Price) values('Economy', 29, 130);
INSERT into base_price(Class, Route, Price) values('Business', 29, 220);
INSERT into base_price(Class, Route, Price) values('Platinum', 29, 320);
INSERT into base_price(Class, Route, Price) values('Economy', 30, 240);
INSERT into base_price(Class, Route, Price) values('Business', 30, 330);
INSERT into base_price(Class, Route, Price) values('Platinum', 30, 410);
INSERT into base_price(Class, Route, Price) values('Economy', 31, 190);
INSERT into base_price(Class, Route, Price) values('Business', 31, 380);
INSERT into base_price(Class, Route, Price) values('Platinum', 31, 420);
INSERT into base_price(Class, Route, Price) values('Economy', 32, 170);
INSERT into base_price(Class, Route, Price) values('Business', 32, 250);
INSERT into base_price(Class, Route, Price) values('Platinum', 32, 300);
INSERT into base_price(Class, Route, Price) values('Economy', 33, 210);
INSERT into base_price(Class, Route, Price) values('Business', 33, 300);
INSERT into base_price(Class, Route, Price) values('Platinum', 33, 440);
INSERT into base_price(Class, Route, Price) values('Economy', 34, 280);
INSERT into base_price(Class, Route, Price) values('Business', 34, 370);
INSERT into base_price(Class, Route, Price) values('Platinum', 34, 470);
INSERT into base_price(Class, Route, Price) values('Economy', 35, 190);
INSERT into base_price(Class, Route, Price) values('Business', 35, 280);
INSERT into base_price(Class, Route, Price) values('Platinum', 35, 360);
INSERT into base_price(Class, Route, Price) values('Economy', 36, 190);
INSERT into base_price(Class, Route, Price) values('Business', 36, 280);
INSERT into base_price(Class, Route, Price) values('Platinum', 36, 320);
INSERT into base_price(Class, Route, Price) values('Economy', 37, 230);
INSERT into base_price(Class, Route, Price) values('Business', 37, 320);
INSERT into base_price(Class, Route, Price) values('Platinum', 37, 440);
INSERT into base_price(Class, Route, Price) values('Economy', 38, 200);
INSERT into base_price(Class, Route, Price) values('Business', 38, 340);
INSERT into base_price(Class, Route, Price) values('Platinum', 38, 500);
INSERT into base_price(Class, Route, Price) values('Economy', 39, 430);
INSERT into base_price(Class, Route, Price) values('Business', 39, 520);
INSERT into base_price(Class, Route, Price) values('Platinum', 39, 620);
INSERT into base_price(Class, Route, Price) values('Economy', 40, 200);
INSERT into base_price(Class, Route, Price) values('Business', 40, 290);
INSERT into base_price(Class, Route, Price) values('Platinum', 40, 350);
INSERT into base_price(Class, Route, Price) values('Economy', 41, 210);
INSERT into base_price(Class, Route, Price) values('Business', 41, 330);
INSERT into base_price(Class, Route, Price) values('Platinum', 41, 420);
INSERT into base_price(Class, Route, Price) values('Economy', 42, 310);
INSERT into base_price(Class, Route, Price) values('Business', 42, 400);
INSERT into base_price(Class, Route, Price) values('Platinum', 42, 500);
INSERT into base_price(Class, Route, Price) values('Economy', 43, 270);
INSERT into base_price(Class, Route, Price) values('Business', 43, 360);
INSERT into base_price(Class, Route, Price) values('Platinum', 43, 480);
INSERT into base_price(Class, Route, Price) values('Economy', 44, 110);
INSERT into base_price(Class, Route, Price) values('Business', 44, 150);
INSERT into base_price(Class, Route, Price) values('Platinum', 44, 200);
INSERT into base_price(Class, Route, Price) values('Economy', 45, 200);
INSERT into base_price(Class, Route, Price) values('Business', 45, 340);
INSERT into base_price(Class, Route, Price) values('Platinum', 45, 400);
INSERT into base_price(Class, Route, Price) values('Economy', 46, 160);
INSERT into base_price(Class, Route, Price) values('Business', 46, 200);
INSERT into base_price(Class, Route, Price) values('Platinum', 46, 250);
INSERT into base_price(Class, Route, Price) values('Economy', 47, 340);
INSERT into base_price(Class, Route, Price) values('Business', 47, 430);
INSERT into base_price(Class, Route, Price) values('Platinum', 47, 520);
INSERT into base_price(Class, Route, Price) values('Economy', 48, 430);
INSERT into base_price(Class, Route, Price) values('Business', 48, 520);
INSERT into base_price(Class, Route, Price) values('Platinum', 48, 620);
INSERT into base_price(Class, Route, Price) values('Economy', 49, 270);
INSERT into base_price(Class, Route, Price) values('Business', 49, 360);
INSERT into base_price(Class, Route, Price) values('Platinum', 49, 480);


INSERT into user_category(Category_Name, Min_Bookings, Discount) values('General', 0, 0);
INSERT into user_category(Category_Name, Min_Bookings, Discount) values('Frequent', 10, 0.05);
INSERT into user_category(Category_Name, Min_Bookings, Discount) values('Gold', 30, 0.09);

INSERT into User(Username, Password, FirstName, LastName) values('SamC', 'scrypt:32768:8:1$qN2OzQE8TXoxjdi9$9aa57069ec47380e683d2486263ac4324d6e1b444f19aa3fef5451ac2248ad1b72b3aa8821b3ebfecf29b4e72f4e3df4a305df4bb945b2f743fb7e4cf5900e4d', 'Sam', 'Convoy');
INSERT into User(Username, Password, FirstName, LastName) values('AliceD', 'scrypt:32768:8:1$SpgB7oh9ua4DoU4I$81b9e2e20866be9b14e929f138aa7f745239cff1abc961e3fe9156b928481732b184a3505848cffe31c5b0b9bf49affd0ffc21c57bc97d27f91af5a0003c1dfa', 'Alice', 'Doe');
INSERT into User(Username, Password, FirstName, LastName) values('BobS', 'scrypt:32768:8:1$A03WFVBbnLgijKz9$c7b357dcfa8b4d78c6c8715bfcf7a61e064edd7e3e7fac758b535e39bfdf50e471fc2d534ce69abd406f49fc7de871c0218685180e08fd7a5199475222162623', 'Bob', 'Smith');
INSERT into User(Username, Password, FirstName, LastName) values('JohnD', 'scrypt:32768:8:1$JUpRoEW3444bFKFo$eafbf640a94a8cfc1fc910f368aa6ec575f6114518b82680b691a822766dfb5b50bbfbf68f01659bd2cab1637c30970f530414ce47ef684653e77a7313be1616', 'John', 'Doe');
INSERT into User(Username, Password, FirstName, LastName) values('JaneS', 'scrypt:32768:8:1$UindG0VIiCzO4Enb$4e7dcb2241f70f7ac4def01d6620f6f7a4a9063cd454e2817c9fa762f9f094677977451b2cb48abf449b358171751bb5bfe10eb627601efdf09ad7fa54b8671b', 'Jane', 'Smith');
INSERT into User(Username, Password, FirstName, LastName) values('MichaelJ', 'scrypt:32768:8:1$4FDm8QQiKXYSkKpu$df01ca88edbd9f6bacb8e2ae273ac057d7ab3ee45fd0cb7ad75c0a9631d866c0242cebdca79102fa8e3115ddfe61fffb8f551dbfe0aa82f36fa117085c644976', 'Michael', 'Johnson');
INSERT into User(Username, Password, FirstName, LastName) values('EmilyW', 'scrypt:32768:8:1$jjdv2I37FVv0pQk3$2187830aab3fe1e8ff2afea0d6498c40e467d95710b5905e8e830f4ef2d51ea09f5d03719bb64e4194b9ce502274eb512ffd1c1a6463fecf2bfa0f6fad1774ab', 'Emily', 'Wilson');
INSERT into User(Username, Password, FirstName, LastName) values('DavidB', 'scrypt:32768:8:1$hiV89CZftV34kdCY$88455e49f0dab429e45de64804e9b831bfcf4d509b0a70a730c934437f40abbf378b98be5d80a5df8b7adbb04c15c6800bd7fbdab9e862299880963c78621e1d', 'David', 'Brown');
INSERT into User(Username, Password, FirstName, LastName) values('SophiaD', 'scrypt:32768:8:1$16koyrAXN0k8n3We$9c8ac7a214c902e6f8e9563b154cde55b0040dd8db2b35110ad90cb5367cf4ea30a4dc1a4cca5d798b86f386d1c806f054497b232dd367735c48761d8f923f2b', 'Sophia', 'Davis');
INSERT into User(Username, Password, FirstName, LastName) values('JamesL', 'scrypt:32768:8:1$6IP1wMGAm6iu0EK8$6e80f06139f63709127cbe8445d7b193654bd3efae90782becc266b8cb66056e0958334614dfea498fbb0b807843d748954cda787e5ae523c634dfdf78159267', 'James', 'Lee');
INSERT into User(Username, Password, FirstName, LastName) values('OliviaM', 'scrypt:32768:8:1$VFH927X3q8gHxHZV$cc49b0033ca744cca9c05892216d7a1f7d7f73611a49eccdedcef0b9abad8528d35535f8b1372e37e6c0ba5bd4fd77049c8702783fc75eb6c5a129b940cce825', 'Olivia', 'Moore');
INSERT into User(Username, Password, FirstName, LastName) values('WilliamT', 'scrypt:32768:8:1$vUw52SLCVMabvEhE$5c799498999e555bf10081438c1f2ca4333e3168bcd2c2ec27746bc7587584166ed83465b808ed9e6d74878478566e8875abd1966c147799e92a5a455d89731a', 'William', 'Taylor');
INSERT into User(Username, Password, FirstName, LastName) values('AvaA', 'scrypt:32768:8:1$3eg4EqzD7UiENywY$850f7d00951cca5d9e9f76c7b507371b6f878509e6e753d6b22062ec91288bb9a34b68034a53b3f364594aa4a6029596b0698a45502c9ba10e6dcf5d08aa96a9', 'Ava', 'Anderson');
INSERT into User(Username, Password, FirstName, LastName) values('ElijahW', 'scrypt:32768:8:1$doHKg8kbqSzD25Vf$10faabb071b4f5616063f9d57e1c33d70e793f63ce01fbcff96d00639fae46b82c0e66a3c61a12bc3f98407a217e1563fb47ccce736d821e5f0c0b99814f677d', 'Elijah', 'White');
INSERT into User(Username, Password, FirstName, LastName) values('MiaH', 'scrypt:32768:8:1$CCy6uVesgpXX71n0$97750eab9ec4a2ee00bccc5578a45aaed96229587a5ce7b54814667687531892850e086dc61519aa49b42d2ba16b9f5bad7f3d366bd092e25feed69f59b0d344', 'Mia', 'Harris');
INSERT into User(Username, Password, FirstName, LastName) values('BenjaminM', 'scrypt:32768:8:1$Yw5zbPAhv7zeHLI7$54c85eeb71121b9889186a0a950404d413771e411cd8df9095560c6609b16bb59fc15b976e576f3061899d3722abfe9e38834db720b6886af02fc54711a993f0', 'Benjamin', 'Martin');
INSERT into User(Username, Password, FirstName, LastName) values('CharlotteT', 'scrypt:32768:8:1$JFhSN5JdmyCMqW8y$a5e30db2775fd6317cfcac7058b103b309881d1c399c761f641d916bffb26dc56ca9d001c263a2110ff8bcfaf20e11795ad0b4fdb397bee1d1263ff30e1674e7', 'Charlotte', 'Thompson');
INSERT into User(Username, Password, FirstName, LastName) values('IsabellaC', 'scrypt:32768:8:1$q7aHA9GKxDB60dTJ$4390ecab280ed6bcd570fcc008fc587d7a6f539e6be17c87a885e164522c03366cd0321f132618480adf7ac5ae36861fcc49ff477837e49482a3469c66d5a244', 'Isabella', 'Clark');
INSERT into User(Username, Password, FirstName, LastName) values('AlexanderL', 'scrypt:32768:8:1$JjCthRdRa20Yfllk$8d71a558e0159d372948fcb497d5dbcfdc540f48aaaa01613b5109e77c66ec667ac9d05b9aa0fccd441fe63ca3bda74b1f6a499a873302bab5d5f1a56f899485', 'Alexander', 'Lewis');
INSERT into User(Username, Password, FirstName, LastName) values('GraceM', 'scrypt:32768:8:1$8W2ySwtgUBLj855f$7aee376fd809abf4443d101fa716daecab16adedda3cf8aa2f19c5b289c823920ba16fb1e40eb14275e4a977c30f2d92898eaa30a03c1469f782ed7e8039a3e4', 'Grace', 'Moore');
INSERT into User(Username, Password, FirstName, LastName) values('SophiaW', 'scrypt:32768:8:1$LN4WH4DoQ4gaf3aY$176b860e1ba5437009436ce863dfcce44a37f96fcb9ec07239f7c2b76ca15cf45df4183ca3f0f7fed7a2e8865d6105aa38550ea23904009b3918da499fda6a16', 'Sophia', 'Wilson');
INSERT into User(Username, Password, FirstName, LastName) values('DanielH', 'scrypt:32768:8:1$QXScWx6yZ3K1i7AP$198afeb6c31233847dac0015ab2d52d9be3762f56b2f9753622e070bc724993bb840bc70319e24972c91f5b337a8110569203080fac2585f313cc04a42e79ee0', 'Daniel', 'Hall');
INSERT into User(Username, Password, FirstName, LastName) values('HenryW', 'scrypt:32768:8:1$K1CeDWJpyuK2fFrX$c84166800242a0aa93ba3a87afb5f869cd0c3aa2e7f8588399770eeb27379fd4530041ee30607211fbb7fc449b26cb3cce3197ec35b6cc08d062a7340e602859', 'Henry', 'Walker');



INSERT into registered_user(Username, Passport_ID, Address, Birth_Date, Gender, Email, Contact_Number) values('SamC', 'II789012', '123; Main St; Yishun; Singapore', '1995-03-15', 'Male', 'samc@example.com', '+6590123456');
INSERT into registered_user(Username, Passport_ID, Address, Birth_Date, Gender, Email, Contact_Number) values('AliceD', 'NN789012', '456; Elm St; Bukit; Singapore', '1988-07-22', 'Female', 'aliced@example.com', '+6591234567');
INSERT into registered_user(Username, Passport_ID, Address, Birth_Date, Gender, Email, Contact_Number) values('BobS', 'UU901234', '789; Oak St; Phra Nakhon; Bangkok; Thailand', '1979-11-05', 'Male', 'bobs@example.com', '+66811234567');
INSERT into registered_user(Username, Passport_ID, Address, Birth_Date, Gender, Email, Contact_Number) values('JohnD', 'LL567890', '101; Pine St; Chachoengsao; Bangkok; Thailand', '2000-09-10', 'Male', 'johnd@example.com', '+66811234560');
INSERT into registered_user(Username, Passport_ID, Address, Birth_Date, Gender, Email, Contact_Number) values('JaneS', 'MM123456', '202; Cedar St; Bangalore; India', '1998-12-18', 'Female', 'janes@example.com', '+916543210987');
INSERT into registered_user(Username, Passport_ID, Address, Birth_Date, Gender, Email, Contact_Number) values('MichaelJ', 'DD123456', '303; Maple St; Mumbai; India', '1985-05-20', 'Male', 'michaelj@example.com', '+917654321098');
INSERT into registered_user(Username, Passport_ID, Address, Birth_Date, Gender, Email, Contact_Number) values('EmilyW', 'DD789012', '45; New St; Chennai; India', '1997-04-03', 'Female', 'emilyw@example.com', '+918765432109');
INSERT into registered_user(Username, Passport_ID, Address, Birth_Date, Gender, Email, Contact_Number) values('DavidB', 'HI8901FE', '505; Birch St; Mumbai; India', '1970-02-14', 'Male', 'davidb@example.com', '+919876543210');
INSERT into registered_user(Username, Passport_ID, Address, Birth_Date, Gender, Email, Contact_Number) values('SophiaD', 'WX0123YZ', '67; Door St; Kolkata; India', '1996-08-29', 'Female', 'sophiad@example.com', '+915432109876');
INSERT into registered_user(Username, Passport_ID, Address, Birth_Date, Gender, Email, Contact_Number) values('JamesL', 'BC2345UV', '707; Spruce St; Hydrabad; India', '1982-11-30', 'Male', 'jamesl@example.com', '+914321098765');
INSERT into registered_user(Username, Passport_ID, Address, Birth_Date, Gender, Email, Contact_Number) values('OliviaM', 'WW345678', '909; Palm St; Colombo; Sri Lanka', '1999-01-14', 'Female', 'oliviam@example.com', '+94771234567');
INSERT into registered_user(Username, Passport_ID, Address, Birth_Date, Gender, Email, Contact_Number) values('WilliamT', 'LM6789DC', '1011; Pineapple St; Hambanthota; Sri Lanka', '1994-06-25', 'Male', 'williamt@example.com', '+94782345678');
INSERT into registered_user(Username, Passport_ID, Address, Birth_Date, Gender, Email, Contact_Number) values('AvaA', 'DE6789TS', '34; Sand St; Jakarta; Indonesia', '1993-07-01', 'Female', 'avaa@example.com', '+6281234567890');
INSERT into registered_user(Username, Passport_ID, Address, Birth_Date, Gender, Email, Contact_Number) values('ElijahW', 'WX0123YZ', '1213; Orange St; Medan; Indonesia', '1989-09-12', 'Male', 'elijahw@example.com', '+6282345678901');
INSERT into registered_user(Username, Passport_ID, Address, Birth_Date, Gender, Email, Contact_Number) values('MiaH', 'GH567890', '1415; Banana St; Jayapura; Indonesia', '1992-10-27', 'Female', 'miah@example.com', '+6283456789012');
INSERT into registered_user(Username, Passport_ID, Address, Birth_Date, Gender, Email, Contact_Number) values('BenjaminM', 'FG4567GF', '89; Hold St; Chennai; India', '1991-12-05', 'Male', 'benjaminm@example.com', '+919876012345');
INSERT into registered_user(Username, Passport_ID, Address, Birth_Date, Gender, Email, Contact_Number) values('CharlotteT', 'VW6789ZY', '1617; Mango St; Kerala; India', '1980-03-08', 'Female', 'charlottet@example.com', '+918765023456');
INSERT into registered_user(Username, Passport_ID, Address, Birth_Date, Gender, Email, Contact_Number) values('IsabellaC', 'II567890', '45; Unity St; Gampaha; Sri Lanka', '1977-06-17', 'Female', 'isabellac@example.com', '+94793456789');
INSERT into registered_user(Username, Passport_ID, Address, Birth_Date, Gender, Email, Contact_Number) values('AlexanderL', 'RS4567AZ', '1819; Peach St; Pune; India', '1998-05-08', 'Male', 'alexanderl@example.com', '+917654034567');
INSERT into registered_user(Username, Passport_ID, Address, Birth_Date, Gender, Email, Contact_Number) values('GraceM', 'LM0123SR', '2021; Cherry St; Jakarta; Indonesia', '1983-08-03', 'Female', 'gracem@example.com', '+6284567890123');


INSERT into staff(Username, Role) values('SophiaW', 'Data Entry Operator');
INSERT into staff(Username, Role) values('DanielH', 'Data Entry Operator');
INSERT into staff(Username, Role) values('HenryW', 'Admin');


INSERT into booking(Booking_Ref_ID, Scheduled_Flight, User, BPrice_Per_Booking, Final_price, Completed) values('BUI7L6BNML60', 1, NULL, 19, 990, 1);
INSERT into booking(Booking_Ref_ID, Scheduled_Flight, User, BPrice_Per_Booking, Final_price, Completed) values('DER7L6BNM0PK', 1, NULL, 19, 330, 1);
INSERT into booking(Booking_Ref_ID, Scheduled_Flight, User, BPrice_Per_Booking, Final_price, Completed) values('IOPYJ6BNM7UK', 1, NULL, 19, 220, 1);
INSERT into booking(Booking_Ref_ID, Scheduled_Flight, User, BPrice_Per_Booking, Final_price, Completed) values('JKILL6IU50PK', 1, NULL , 19, 110, 1);
INSERT into booking(Booking_Ref_ID, Scheduled_Flight, User, BPrice_Per_Booking, Final_price, Completed) values('JYR7L28UIJF3', 1, 'EmilyW', 19, 110, 1);
INSERT into booking(Booking_Ref_ID, Scheduled_Flight, User, BPrice_Per_Booking, Final_price, Completed) values('KSRU46IU5724', 1, NULL, 20, 300, 1);
INSERT into booking(Booking_Ref_ID, Scheduled_Flight, User, BPrice_Per_Booking, Final_price, Completed) values('KYJ3928UIBF6', 1, NULL, 19, 220, 1);
INSERT into booking(Booking_Ref_ID, Scheduled_Flight, User, BPrice_Per_Booking, Final_price, Completed) values('NYR4L28UI4P2', 1, 'SamC', 19, 330, 1);
INSERT into booking(Booking_Ref_ID, Scheduled_Flight, User, BPrice_Per_Booking, Final_price, Completed) values('AYH4L28UI5HN', 2, 'JohnD', 136, 160, 1);
INSERT into booking(Booking_Ref_ID, Scheduled_Flight, User, BPrice_Per_Booking, Final_price, Completed) values('BGR4L4JUIKFV', 2, 'JaneS', 136, 160, 1);
INSERT into booking(Booking_Ref_ID, Scheduled_Flight, User, BPrice_Per_Booking, Final_price, Completed) values('LRR6L21II8J5', 2, 'AliceD', 137, 600, 1);
INSERT into booking(Booking_Ref_ID, Scheduled_Flight, User, BPrice_Per_Booking, Final_price, Completed) values('P8J4L4JUINMK', 2, NULL, 136, 160, 1);
INSERT into booking(Booking_Ref_ID, Scheduled_Flight, User, BPrice_Per_Booking, Final_price, Completed) values('W6B4L28UI4NH', 2, NULL , 136, 480, 1);
INSERT into booking(Booking_Ref_ID, Scheduled_Flight, User, BPrice_Per_Booking, Final_price, Completed) values('JLU4LJMUI8H4', 3, 'BobS', 43, 760, 1);
INSERT into booking(Booking_Ref_ID, Scheduled_Flight, User, BPrice_Per_Booking, Final_price, Completed) values('YTE99JMUI8H4', 3, NULL, 43, 2090, 1);
INSERT into booking(Booking_Ref_ID, Scheduled_Flight, User, BPrice_Per_Booking, Final_price, Completed) values('540023B2412P', 3, NULL, 44, 760, 1);
INSERT into booking(Booking_Ref_ID, Scheduled_Flight, User, BPrice_Per_Booking, Final_price, Completed) values('SKH4LGUUIUBR', 8, 'SamC', 91, 570, 0);
INSERT into booking(Booking_Ref_ID, Scheduled_Flight, User, BPrice_Per_Booking, Final_price, Completed) values('7TY4LGUUI3HN', 8, 'BobS', 91, 760, 1);
INSERT into booking(Booking_Ref_ID, Scheduled_Flight, User, BPrice_Per_Booking, Final_price, Completed) values('P3H4LJMUI2NJ', 9, 'JohnD', 52, 160, 1);
INSERT into booking(Booking_Ref_ID, Scheduled_Flight, User, BPrice_Per_Booking, Final_price, Completed) values('JIO4L28UIPN4', 15, 'MichaelJ', 94, 340, 1);
INSERT into booking(Booking_Ref_ID, Scheduled_Flight, User, BPrice_Per_Booking, Final_price, Completed) values('BANAL33009JJ', 15, NULL, 95, 500, 1);
INSERT into booking(Booking_Ref_ID, Scheduled_Flight, User, BPrice_Per_Booking, Final_price, Completed) values('APPL3B72493E', 16, NULL, 68, 360, 1);
INSERT into booking(Booking_Ref_ID, Scheduled_Flight, User, BPrice_Per_Booking, Final_price, Completed) values('FGTYL9TYER97', 16, 'IsabellaC', 67, 2430, 1);
INSERT into booking(Booking_Ref_ID, Scheduled_Flight, User, BPrice_Per_Booking, Final_price, Completed) values('8934L9TYER97', 16, NULL, 67, 1620, 1);
INSERT into booking(Booking_Ref_ID, Scheduled_Flight, User, BPrice_Per_Booking, Final_price, Completed) values('DSEU09OUI044', 36, 'JamesL', 136, 160, 1);
INSERT into booking(Booking_Ref_ID, Scheduled_Flight, User, BPrice_Per_Booking, Final_price, Completed) values('VBGT7T56JOPE', 36, NULL, 137, 200, 1);
INSERT into booking(Booking_Ref_ID, Scheduled_Flight, User, BPrice_Per_Booking, Final_price, Completed) values('65YUL0O4G0LL', 36, NULL, 136, 480, 1);
INSERT into booking(Booking_Ref_ID, Scheduled_Flight, User, BPrice_Per_Booking, Final_price, Completed) values('NMNMR94UI0RT', 37, NULL, 43, 760, 1);
INSERT into booking(Booking_Ref_ID, Scheduled_Flight, User, BPrice_Per_Booking, Final_price, Completed) values('WUI7L94UI0PK', 37, 'MiaH', 43, 1520, 1);
INSERT into booking(Booking_Ref_ID, Scheduled_Flight, User, BPrice_Per_Booking, Final_price, Completed) values('IIIII3B2412P', 37, NULL, 44, 760, 1);
INSERT into booking(Booking_Ref_ID, Scheduled_Flight, User, BPrice_Per_Booking, Final_price, Completed) values('LOU6L21IIKY5', 55, 'AlexanderL', 109, 230, 1);
INSERT into booking(Booking_Ref_ID, Scheduled_Flight, User, BPrice_Per_Booking, Final_price, Completed) values('YJRT33300HJJ', 55, NULL, 110, 960, 1);
INSERT into booking(Booking_Ref_ID, Scheduled_Flight, User, BPrice_Per_Booking, Final_price, Completed) values('P754LEBUION6', 56, NULL, 25, 920, 1);
INSERT into booking(Booking_Ref_ID, Scheduled_Flight, User, BPrice_Per_Booking, Final_price, Completed) values('LPR34067IYYY', 75, NULL , 136, 320, 1);
INSERT into booking(Booking_Ref_ID, Scheduled_Flight, User, BPrice_Per_Booking, Final_price, Completed) values('OOYUL45UIPOP', 75, NULL, 136, 1600, 1);
INSERT into booking(Booking_Ref_ID, Scheduled_Flight, User, BPrice_Per_Booking, Final_price, Completed) values('FFYUL78UIJKL', 75, 'OliviaM', 136, 1280, 1);
INSERT into booking(Booking_Ref_ID, Scheduled_Flight, User, BPrice_Per_Booking, Final_price, Completed) values('96787T56JO00', 75, NULL, 138, 500, 1);
INSERT into booking(Booking_Ref_ID, Scheduled_Flight, User, BPrice_Per_Booking, Final_price, Completed) values('UYTRL94UI453', 76, NULL, 43, 640, 1);
INSERT into booking(Booking_Ref_ID, Scheduled_Flight, User, BPrice_Per_Booking, Final_price, Completed) values('450QLHJ2I8L4', 76, 'CharlotteT', 43, 640, 1);
INSERT into booking(Booking_Ref_ID, Scheduled_Flight, User, BPrice_Per_Booking, Final_price, Completed) values('EEOII3B2493E', 76, NULL, 45, 840, 1);
INSERT into booking(Booking_Ref_ID, Scheduled_Flight, User, BPrice_Per_Booking, Final_price, Completed) values('AYUU82OPI234', 95, 'ElijahW', 100, 1400, 1);
INSERT into booking(Booking_Ref_ID, Scheduled_Flight, User, BPrice_Per_Booking, Final_price, Completed) values('87PPP3300HJJ', 95, NULL, 102, 940, 1);
INSERT into booking(Booking_Ref_ID, Scheduled_Flight, User, BPrice_Per_Booking, Final_price, Completed) values('876U825UI0PK', 95, NULL, 100, 1120, 1);
INSERT into booking(Booking_Ref_ID, Scheduled_Flight, User, BPrice_Per_Booking, Final_price, Completed) values('VGY6696II0OO', 96, NULL, 115, 1290, 1);
INSERT into booking(Booking_Ref_ID, Scheduled_Flight, User, BPrice_Per_Booking, Final_price, Completed) values('980RTUUU0KTY', 96, NULL , 116, 520, 1);
INSERT into booking(Booking_Ref_ID, Scheduled_Flight, User, BPrice_Per_Booking, Final_price, Completed) values('9856L96890PI', 96, 'AvaA', 115, 1720, 1);
INSERT into booking(Booking_Ref_ID, Scheduled_Flight, User, BPrice_Per_Booking, Final_price, Completed) values('ABCPL94UI0JK', 115, 'BenjaminM', 13, 950, 1);
INSERT into booking(Booking_Ref_ID, Scheduled_Flight, User, BPrice_Per_Booking, Final_price, Completed) values('FTYUL94UI075', 115, NULL, 13, 1520, 1);
INSERT into booking(Booking_Ref_ID, Scheduled_Flight, User, BPrice_Per_Booking, Final_price, Completed) values('PLCPL0OUI023', 115, NULL, 13, 570, 1);
INSERT into booking(Booking_Ref_ID, Scheduled_Flight, User, BPrice_Per_Booking, Final_price, Completed) values('QWERL0O450UU', 115, NULL, 14, 1680, 1);
INSERT into booking(Booking_Ref_ID, Scheduled_Flight, User, BPrice_Per_Booking, Final_price, Completed) values('G78I4KIUI345', 116, NULL, 112, 600, 1);
INSERT into booking(Booking_Ref_ID, Scheduled_Flight, User, BPrice_Per_Booking, Final_price, Completed) values('HJK09KIUI7KL', 116, 'WilliamT', 112, 800, 1);
INSERT into booking(Booking_Ref_ID, Scheduled_Flight, User, BPrice_Per_Booking, Final_price, Completed) values('00UI4KIUIOP3', 116, 'SophiaD', 112, 1000, 1);
INSERT into booking(Booking_Ref_ID, Scheduled_Flight, User, BPrice_Per_Booking, Final_price, Completed) values('OJ4583300HJJ', 116, NULL, 113, 340, 1);
INSERT into booking(Booking_Ref_ID, Scheduled_Flight, User, BPrice_Per_Booking, Final_price, Completed) values('LYVPGMTFCKY5', 130, 'SamC', 31, 200, 0);
INSERT into booking(Booking_Ref_ID, Scheduled_Flight, User, BPrice_Per_Booking, Final_price, Completed) values('K783928UIUYT', 135, 'SamC', 22, 1200, 1);
INSERT into booking(Booking_Ref_ID, Scheduled_Flight, User, BPrice_Per_Booking, Final_price, Completed) values('UYR4LEBUI6H5', 135, 'SamC', 24, 400, 1);
INSERT into booking(Booking_Ref_ID, Scheduled_Flight, User, BPrice_Per_Booking, Final_price, Completed) values('W5T7L28UI0PK', 135, 'GraceM', 22, 150, 1);
INSERT into booking(Booking_Ref_ID, Scheduled_Flight, User, BPrice_Per_Booking, Final_price, Completed) values('ZXP46YB2412P', 135, NULL, 23, 1250, 1);
INSERT into booking(Booking_Ref_ID, Scheduled_Flight, User, BPrice_Per_Booking, Final_price, Completed) values('KOPL94UI10PK', 136, NULL, 4, 1600, 1);
INSERT into booking(Booking_Ref_ID, Scheduled_Flight, User, BPrice_Per_Booking, Final_price, Completed) values('RTUOIY739289', 136, 'MichaelJ', 4, 1590, 1);
INSERT into booking(Booking_Ref_ID, Scheduled_Flight, User, BPrice_Per_Booking, Final_price, Completed) values('9E47L944YYPK', 136, NULL, 4, 640, 1);
INSERT into booking(Booking_Ref_ID, Scheduled_Flight, User, BPrice_Per_Booking, Final_price, Completed) values('LLRRL914Y5PE', 136, NULL, 5, 2000, 1);
INSERT into booking(Booking_Ref_ID, Scheduled_Flight, User, BPrice_Per_Booking, Final_price, Completed) values('WWWWLUUYY5PE', 136, NULL, 6, 2280, 1);
INSERT into booking(Booking_Ref_ID, Scheduled_Flight, User, BPrice_Per_Booking, Final_price, Completed) values('OIU5675NH0PL', 153, NULL, 115, 3440, 1);
INSERT into booking(Booking_Ref_ID, Scheduled_Flight, User, BPrice_Per_Booking, Final_price, Completed) values('7845675NH034', 153, 'SophiaD', 115, 2150, 1);
INSERT into booking(Booking_Ref_ID, Scheduled_Flight, User, BPrice_Per_Booking, Final_price, Completed) values('UIOGTU5NH0PP', 153, 'SamC', 115, 4300, 1);
INSERT into booking(Booking_Ref_ID, Scheduled_Flight, User, BPrice_Per_Booking, Final_price, Completed) values('3456TU5NH0PP', 153, 'SamC', 115, 1720, 1);
INSERT into booking(Booking_Ref_ID, Scheduled_Flight, User, BPrice_Per_Booking, Final_price, Completed) values('OIU5675NRREE', 153, NULL, 115, 5160, 1);
INSERT into booking(Booking_Ref_ID, Scheduled_Flight, User, BPrice_Per_Booking, Final_price, Completed) values('9876575NRREE', 153, 'AlexanderL', 115, 3440, 1);
INSERT into booking(Booking_Ref_ID, Scheduled_Flight, User, BPrice_Per_Booking, Final_price, Completed) values('JKIUN75NH034', 153, 'IsabellaC', 115, 5590, 1);
INSERT into booking(Booking_Ref_ID, Scheduled_Flight, User, BPrice_Per_Booking, Final_price, Completed) values('654UI75NH034', 153, 'IsabellaC', 116, 2080, 1);
INSERT into booking(Booking_Ref_ID, Scheduled_Flight, User, BPrice_Per_Booking, Final_price, Completed) values('J097396NH034', 153, 'MichaelJ', 115, 3870, 1);
INSERT into booking(Booking_Ref_ID, Scheduled_Flight, User, BPrice_Per_Booking, Final_price, Completed) values('8310I96NH0OP', 153, NULL, 115, 2580, 1);
INSERT into booking(Booking_Ref_ID, Scheduled_Flight, User, BPrice_Per_Booking, Final_price, Completed) values('UIYHNTRNHPOJ', 153, 'JohnD', 115, 4730, 1);
INSERT into booking(Booking_Ref_ID, Scheduled_Flight, User, BPrice_Per_Booking, Final_price, Completed) values('UKL4NT340943', 153, NULL, 115, 5160, 1);
INSERT into booking(Booking_Ref_ID, Scheduled_Flight, User, BPrice_Per_Booking, Final_price, Completed) values('659UO43PO782', 153, NULL, 115, 3010, 1);
INSERT into booking(Booking_Ref_ID, Scheduled_Flight, User, BPrice_Per_Booking, Final_price, Completed) values('UIO64PO78NHY', 153, NULL, 115, 3870, 1);
INSERT into booking(Booking_Ref_ID, Scheduled_Flight, User, BPrice_Per_Booking, Final_price, Completed) values('45UI4GTO7UJP', 153, 'DavidB', 115, 3010, 1);



INSERT into booked_seat(Booking, Seat_Number, FirstName, LastName, isAdult, Passport_ID) values('BUI7L6BNML60', 41, 'Mei', 'Wang', 1, 'AB123456');
INSERT into booked_seat(Booking, Seat_Number, FirstName, LastName, isAdult, Passport_ID) values('BUI7L6BNML60', 42, 'Jian', 'Zhang', 1, 'GH901234');
INSERT into booked_seat(Booking, Seat_Number, FirstName, LastName, isAdult, Passport_ID) values('BUI7L6BNML60', 43, 'Yuki', 'Tanaka', 0, 'IJ567890');
INSERT into booked_seat(Booking, Seat_Number, FirstName, LastName, isAdult, Passport_ID) values('BUI7L6BNML60', 44, 'Akira', 'Suzuki', 1, 'CD789012');
INSERT into booked_seat(Booking, Seat_Number, FirstName, LastName, isAdult, Passport_ID) values('BUI7L6BNML60', 45, 'Hiroshi', 'Yamamoto', 1, 'MN789012');
INSERT into booked_seat(Booking, Seat_Number, FirstName, LastName, isAdult, Passport_ID) values('BUI7L6BNML60', 46, 'Priya', 'Patel', 1, 'IJ567890');
INSERT into booked_seat(Booking, Seat_Number, FirstName, LastName, isAdult, Passport_ID) values('BUI7L6BNML60', 47, 'Amit', 'Kumar', 1, 'OP345678');
INSERT into booked_seat(Booking, Seat_Number, FirstName, LastName, isAdult, Passport_ID) values('BUI7L6BNML60', 48, 'Lin', 'Chen', 1, 'KL123456');
INSERT into booked_seat(Booking, Seat_Number, FirstName, LastName, isAdult, Passport_ID) values('BUI7L6BNML60', 49, 'Jing', 'Li', 1, 'QR901234');
INSERT into booked_seat(Booking, Seat_Number, FirstName, LastName, isAdult, Passport_ID) values('DER7L6BNM0PK', 23, 'Akiko', 'Sato', 1, 'ST567890');
INSERT into booked_seat(Booking, Seat_Number, FirstName, LastName, isAdult, Passport_ID) values('DER7L6BNM0PK', 24, 'Raj', 'Patel', 1, 'UV123456');
INSERT into booked_seat(Booking, Seat_Number, FirstName, LastName, isAdult, Passport_ID) values('DER7L6BNM0PK', 25, 'Sakura', 'Yamamoto', 1, 'WX789012');
INSERT into booked_seat(Booking, Seat_Number, FirstName, LastName, isAdult, Passport_ID) values('IOPYJ6BNM7UK', 31, 'Xin', 'Chen', 1, 'YZ345678');
INSERT into booked_seat(Booking, Seat_Number, FirstName, LastName, isAdult, Passport_ID) values('IOPYJ6BNM7UK', 32, 'Wei', 'Li', 1, 'BB567890');
INSERT into booked_seat(Booking, Seat_Number, FirstName, LastName, isAdult, Passport_ID) values('JKILL6IU50PK', 37, 'Ana', 'Sharma', 1, 'CC123456');
INSERT into booked_seat(Booking, Seat_Number, FirstName, LastName, isAdult, Passport_ID) values('JYR7L28UIJF3', 10, 'Emily', 'Wilson', 1, 'DD789012');
INSERT into booked_seat(Booking, Seat_Number, FirstName, LastName, isAdult, Passport_ID) values('KSRU46IU5724', 1, 'Sophia', 'Smith', 1, 'EE345678');
INSERT into booked_seat(Booking, Seat_Number, FirstName, LastName, isAdult, Passport_ID) values('KSRU46IU5724', 2, 'Liam', 'Johnson', 1, 'FF901234');
INSERT into booked_seat(Booking, Seat_Number, FirstName, LastName, isAdult, Passport_ID) values('KYJ3928UIBF6', 13, 'Lucas', 'White', 1, 'GG567890');
INSERT into booked_seat(Booking, Seat_Number, FirstName, LastName, isAdult, Passport_ID) values('KYJ3928UIBF6', 14, 'Mia', 'Thompson', 1, 'HH123456');
INSERT into booked_seat(Booking, Seat_Number, FirstName, LastName, isAdult, Passport_ID) values('NYR4L28UI4P2', 2, 'Sam', 'Convoy', 1, 'II789012');
INSERT into booked_seat(Booking, Seat_Number, FirstName, LastName, isAdult, Passport_ID) values('NYR4L28UI4P2', 3, 'Olivia', 'Smith', 1, 'JJ345678');
INSERT into booked_seat(Booking, Seat_Number, FirstName, LastName, isAdult, Passport_ID) values('NYR4L28UI4P2', 4, 'Liam', 'Brown', 0, 'KK901234');
INSERT into booked_seat(Booking, Seat_Number, FirstName, LastName, isAdult, Passport_ID) values('AYH4L28UI5HN', 1, 'John', 'Doe', 1, 'LL567890');
INSERT into booked_seat(Booking, Seat_Number, FirstName, LastName, isAdult, Passport_ID) values('BGR4L4JUIKFV', 3, 'Jane', 'Smith', 1, 'MM123456');
INSERT into booked_seat(Booking, Seat_Number, FirstName, LastName, isAdult, Passport_ID) values('LRR6L21II8J5', 1, 'Alice', 'Doe', 1, 'NN789012');
INSERT into booked_seat(Booking, Seat_Number, FirstName, LastName, isAdult, Passport_ID) values('LRR6L21II8J5', 2, 'Ava', 'Davis', 1, 'OO345678');
INSERT into booked_seat(Booking, Seat_Number, FirstName, LastName, isAdult, Passport_ID) values('LRR6L21II8J5', 3, 'Sophia', 'Martinez', 1, 'PP901234');
INSERT into booked_seat(Booking, Seat_Number, FirstName, LastName, isAdult, Passport_ID) values('P8J4L4JUINMK', 10, 'Samuel', 'Reed', 1, 'QQ567890');
INSERT into booked_seat(Booking, Seat_Number, FirstName, LastName, isAdult, Passport_ID) values('W6B4L28UI4NH', 6, 'Daniel', 'Green', 1, 'RR123456');
INSERT into booked_seat(Booking, Seat_Number, FirstName, LastName, isAdult, Passport_ID) values('W6B4L28UI4NH', 7, 'Sofia', 'King', 1, 'SS789012');
INSERT into booked_seat(Booking, Seat_Number, FirstName, LastName, isAdult, Passport_ID) values('W6B4L28UI4NH', 8, 'Carter', 'Adams', 1, 'TT345678');
INSERT into booked_seat(Booking, Seat_Number, FirstName, LastName, isAdult, Passport_ID) values('JLU4LJMUI8H4', 1, 'Bob', 'Smith', 1, 'UU901234');
INSERT into booked_seat(Booking, Seat_Number, FirstName, LastName, isAdult, Passport_ID) values('JLU4LJMUI8H4', 2, 'Emma', 'Lee', 1, 'VV567890');
INSERT into booked_seat(Booking, Seat_Number, FirstName, LastName, isAdult, Passport_ID) values('JLU4LJMUI8H4', 3, 'Noah', 'Wilson', 1, 'WW123456');
INSERT into booked_seat(Booking, Seat_Number, FirstName, LastName, isAdult, Passport_ID) values('JLU4LJMUI8H4', 4, 'Logan', 'Taylor', 1, 'XX789012');
INSERT into booked_seat(Booking, Seat_Number, FirstName, LastName, isAdult, Passport_ID) values('YTE99JMUI8H4', 11, 'Sakura', 'Kobayashi', 1, 'YY345678');
INSERT into booked_seat(Booking, Seat_Number, FirstName, LastName, isAdult, Passport_ID) values('YTE99JMUI8H4', 12, 'Hiroshi', 'Tanaka', 1, 'ZZ901234');
INSERT into booked_seat(Booking, Seat_Number, FirstName, LastName, isAdult, Passport_ID) values('YTE99JMUI8H4', 13, 'Yuki', 'Sato', 1, 'CD123456');
INSERT into booked_seat(Booking, Seat_Number, FirstName, LastName, isAdult, Passport_ID) values('YTE99JMUI8H4', 14, 'Akira', 'Yamamoto', 1, 'AB567890');
INSERT into booked_seat(Booking, Seat_Number, FirstName, LastName, isAdult, Passport_ID) values('YTE99JMUI8H4', 15, 'Yui', 'Nakamura', 1, 'CD123456');
INSERT into booked_seat(Booking, Seat_Number, FirstName, LastName, isAdult, Passport_ID) values('YTE99JMUI8H4', 16, 'Rajesh', 'Patel', 1, 'EF789012');
INSERT into booked_seat(Booking, Seat_Number, FirstName, LastName, isAdult, Passport_ID) values('YTE99JMUI8H4', 17, 'Amit', 'Kumar', 1, 'GH345678');
INSERT into booked_seat(Booking, Seat_Number, FirstName, LastName, isAdult, Passport_ID) values('YTE99JMUI8H4', 18, 'Wei', 'Chen', 1, 'IJ901234');
INSERT into booked_seat(Booking, Seat_Number, FirstName, LastName, isAdult, Passport_ID) values('YTE99JMUI8H4', 19, 'Jing', 'Li', 1, 'KL567890');
INSERT into booked_seat(Booking, Seat_Number, FirstName, LastName, isAdult, Passport_ID) values('YTE99JMUI8H4', 20, 'Kyung-soo', 'Kim', 1, 'MN123456');
INSERT into booked_seat(Booking, Seat_Number, FirstName, LastName, isAdult, Passport_ID) values('YTE99JMUI8H4', 21, 'Suk-won', 'Lee', 1, 'OP789012');
INSERT into booked_seat(Booking, Seat_Number, FirstName, LastName, isAdult, Passport_ID) values('540023B2412P', 1, 'Liam', 'Smith', 1, 'QR345678');
INSERT into booked_seat(Booking, Seat_Number, FirstName, LastName, isAdult, Passport_ID) values('540023B2412P', 2, 'Olivia', 'Johnson', 1, 'ST901234');
INSERT into booked_seat(Booking, Seat_Number, FirstName, LastName, isAdult, Passport_ID) values('SKH4LGUUIUBR', 1, 'Sam', 'Convoy', 1, 'II789012');
INSERT into booked_seat(Booking, Seat_Number, FirstName, LastName, isAdult, Passport_ID) values('SKH4LGUUIUBR', 2, 'Olivia', 'Smith', 1, 'ST901234');
INSERT into booked_seat(Booking, Seat_Number, FirstName, LastName, isAdult, Passport_ID) values('SKH4LGUUIUBR', 3, 'Liam', 'Brown', 0, 'UV567890');
INSERT into booked_seat(Booking, Seat_Number, FirstName, LastName, isAdult, Passport_ID) values('7TY4LGUUI3HN', 10, 'Bob', 'Smith', 1, 'WX123456');
INSERT into booked_seat(Booking, Seat_Number, FirstName, LastName, isAdult, Passport_ID) values('7TY4LGUUI3HN', 11, 'Emma', 'Lee', 1, 'YZ789012');
INSERT into booked_seat(Booking, Seat_Number, FirstName, LastName, isAdult, Passport_ID) values('7TY4LGUUI3HN', 12, 'Noah', 'Wilson', 1, 'AA345678');
INSERT into booked_seat(Booking, Seat_Number, FirstName, LastName, isAdult, Passport_ID) values('7TY4LGUUI3HN', 9, 'Logan', 'Taylor', 1, 'BB901234');
INSERT into booked_seat(Booking, Seat_Number, FirstName, LastName, isAdult, Passport_ID) values('P3H4LJMUI2NJ', 2, 'John', 'Doe', 1, 'CC567890');
INSERT into booked_seat(Booking, Seat_Number, FirstName, LastName, isAdult, Passport_ID) values('JIO4L28UIPN4', 13, 'Michael', 'Johnson', 1, 'DD123456');
INSERT into booked_seat(Booking, Seat_Number, FirstName, LastName, isAdult, Passport_ID) values('JIO4L28UIPN4', 14, 'Harper', 'Turner', 1, 'EE789012');
INSERT into booked_seat(Booking, Seat_Number, FirstName, LastName, isAdult, Passport_ID) values('BANAL33009JJ', 1, 'Aiden', 'Garcia', 1, 'FF345678');
INSERT into booked_seat(Booking, Seat_Number, FirstName, LastName, isAdult, Passport_ID) values('BANAL33009JJ', 2, 'Ella', 'Brown', 1, 'GG901234');
INSERT into booked_seat(Booking, Seat_Number, FirstName, LastName, isAdult, Passport_ID) values('APPL3B72493E', 1, 'Carl', 'Johnson', 1, 'HH567890');
INSERT into booked_seat(Booking, Seat_Number, FirstName, LastName, isAdult, Passport_ID) values('FGTYL9TYER97', 3, 'Elijah', 'Anderson', 1, 'II123456');
INSERT into booked_seat(Booking, Seat_Number, FirstName, LastName, isAdult, Passport_ID) values('FGTYL9TYER97', 4, 'Ava', 'Harris', 1, 'JJ789012');
INSERT into booked_seat(Booking, Seat_Number, FirstName, LastName, isAdult, Passport_ID) values('FGTYL9TYER97', 5, 'James', 'Brown', 1, 'KK345678');
INSERT into booked_seat(Booking, Seat_Number, FirstName, LastName, isAdult, Passport_ID) values('FGTYL9TYER97', 6, 'Emma', 'Garcia', 1, 'LL901234');
INSERT into booked_seat(Booking, Seat_Number, FirstName, LastName, isAdult, Passport_ID) values('FGTYL9TYER97', 7, 'William', 'Moore', 1, 'MM567890');
INSERT into booked_seat(Booking, Seat_Number, FirstName, LastName, isAdult, Passport_ID) values('FGTYL9TYER97', 8, 'Charlotte', 'Walker', 1, 'NN123456');
INSERT into booked_seat(Booking, Seat_Number, FirstName, LastName, isAdult, Passport_ID) values('FGTYL9TYER97', 9, 'Henry', 'Taylor', 0, 'OO789012');
INSERT into booked_seat(Booking, Seat_Number, FirstName, LastName, isAdult, Passport_ID) values('FGTYL9TYER97', 10, 'Isabella', 'Lewis', 1, 'PP345678');
INSERT into booked_seat(Booking, Seat_Number, FirstName, LastName, isAdult, Passport_ID) values('FGTYL9TYER97', 11, 'Sophia', 'Clark', 1, 'QQ901234');
INSERT into booked_seat(Booking, Seat_Number, FirstName, LastName, isAdult, Passport_ID) values('8934L9TYER97', 16, 'Olivia', 'Doe', 1, 'RR567890');
INSERT into booked_seat(Booking, Seat_Number, FirstName, LastName, isAdult, Passport_ID) values('8934L9TYER97', 17, 'Liam', 'Smith', 1, 'SS123456');
INSERT into booked_seat(Booking, Seat_Number, FirstName, LastName, isAdult, Passport_ID) values('8934L9TYER97', 18, 'Ava', 'Johnson', 1, 'TT789012');
INSERT into booked_seat(Booking, Seat_Number, FirstName, LastName, isAdult, Passport_ID) values('8934L9TYER97', 19, 'Noah', 'Martinez', 1, 'UU345678');
INSERT into booked_seat(Booking, Seat_Number, FirstName, LastName, isAdult, Passport_ID) values('8934L9TYER97', 20, 'Sophia', 'Lee', 1, 'VV901234');
INSERT into booked_seat(Booking, Seat_Number, FirstName, LastName, isAdult, Passport_ID) values('8934L9TYER97', 21, 'Logan', 'Brown', 1, 'WW567890');
INSERT into booked_seat(Booking, Seat_Number, FirstName, LastName, isAdult, Passport_ID) values('DSEU09OUI044', 2, 'James', 'Lee', 1, 'XX123456');
INSERT into booked_seat(Booking, Seat_Number, FirstName, LastName, isAdult, Passport_ID) values('VBGT7T56JOPE', 1, 'Glenn', 'Maxwell', 1, 'ZZ345678');
INSERT into booked_seat(Booking, Seat_Number, FirstName, LastName, isAdult, Passport_ID) values('65YUL0O4G0LL', 12, 'Oliver', 'Smith', 1, 'AB901234');
INSERT into booked_seat(Booking, Seat_Number, FirstName, LastName, isAdult, Passport_ID) values('65YUL0O4G0LL', 13, 'Sophia', 'Davis', 1, 'CD567890');
INSERT into booked_seat(Booking, Seat_Number, FirstName, LastName, isAdult, Passport_ID) values('65YUL0O4G0LL', 14, 'Noah', 'Wilson', 1, 'EF123456');
INSERT into booked_seat(Booking, Seat_Number, FirstName, LastName, isAdult, Passport_ID) values('NMNMR94UI0RT', 34, 'Akiko', 'Suzuki', 1, 'GH789012');
INSERT into booked_seat(Booking, Seat_Number, FirstName, LastName, isAdult, Passport_ID) values('NMNMR94UI0RT', 35, 'Ramesh', 'Gupta', 1, 'IJ345678');
INSERT into booked_seat(Booking, Seat_Number, FirstName, LastName, isAdult, Passport_ID) values('NMNMR94UI0RT', 36, 'Mei', 'Chen', 1, 'KL901234');
INSERT into booked_seat(Booking, Seat_Number, FirstName, LastName, isAdult, Passport_ID) values('NMNMR94UI0RT', 37, 'Ji-hoon', 'Kim', 1, 'MN567890');
INSERT into booked_seat(Booking, Seat_Number, FirstName, LastName, isAdult, Passport_ID) values('WUI7L94UI0PK', 21, 'Hiroshi', 'Tanaka', 1, 'OP123456');
INSERT into booked_seat(Booking, Seat_Number, FirstName, LastName, isAdult, Passport_ID) values('WUI7L94UI0PK', 22, 'Yuki', 'Sato', 1, 'QR789012');
INSERT into booked_seat(Booking, Seat_Number, FirstName, LastName, isAdult, Passport_ID) values('WUI7L94UI0PK', 23, 'Akira', 'Yamamoto', 1, 'ST345678');
INSERT into booked_seat(Booking, Seat_Number, FirstName, LastName, isAdult, Passport_ID) values('WUI7L94UI0PK', 24, 'Yui', 'Nakamura', 1, 'UV901234');
INSERT into booked_seat(Booking, Seat_Number, FirstName, LastName, isAdult, Passport_ID) values('WUI7L94UI0PK', 25, 'Rajesh', 'Patel', 1, 'WX567890');
INSERT into booked_seat(Booking, Seat_Number, FirstName, LastName, isAdult, Passport_ID) values('WUI7L94UI0PK', 26, 'Amit', 'Kumar', 1, 'YZ123456');
INSERT into booked_seat(Booking, Seat_Number, FirstName, LastName, isAdult, Passport_ID) values('WUI7L94UI0PK', 27, 'Wei', 'Chen', 1, 'AA789012');
INSERT into booked_seat(Booking, Seat_Number, FirstName, LastName, isAdult, Passport_ID) values('WUI7L94UI0PK', 28, 'Jing', 'Li', 1, 'BB345678');
INSERT into booked_seat(Booking, Seat_Number, FirstName, LastName, isAdult, Passport_ID) values('IIIII3B2412P', 1, 'Elijah', 'Taylor', 1, 'CC901234');
INSERT into booked_seat(Booking, Seat_Number, FirstName, LastName, isAdult, Passport_ID) values('IIIII3B2412P', 2, 'Ava', 'Brown', 1, 'DD567890');
INSERT into booked_seat(Booking, Seat_Number, FirstName, LastName, isAdult, Passport_ID) values('LOU6L21IIKY5', 8, 'Alexander', 'Lewis', 1, 'EE123456');
INSERT into booked_seat(Booking, Seat_Number, FirstName, LastName, isAdult, Passport_ID) values('YJRT33300HJJ', 1, 'Oliver', 'Smith', 1, 'FF789012');
INSERT into booked_seat(Booking, Seat_Number, FirstName, LastName, isAdult, Passport_ID) values('YJRT33300HJJ', 2, 'Sophia', 'Martinez', 1, 'GG345678');
INSERT into booked_seat(Booking, Seat_Number, FirstName, LastName, isAdult, Passport_ID) values('YJRT33300HJJ', 3, 'Liam', 'Brown', 1, 'HH901234');
INSERT into booked_seat(Booking, Seat_Number, FirstName, LastName, isAdult, Passport_ID) values('P754LEBUION6', 1, 'Isabella', 'Harris', 1, 'II567890');
INSERT into booked_seat(Booking, Seat_Number, FirstName, LastName, isAdult, Passport_ID) values('P754LEBUION6', 2, 'Jackson', 'Hall', 1, 'JJ123456');
INSERT into booked_seat(Booking, Seat_Number, FirstName, LastName, isAdult, Passport_ID) values('P754LEBUION6', 3, 'Aiden', 'Scott', 1, 'KK789012');
INSERT into booked_seat(Booking, Seat_Number, FirstName, LastName, isAdult, Passport_ID) values('P754LEBUION6', 4, 'Charlotte', 'Garcia', 1, 'LL345678');
INSERT into booked_seat(Booking, Seat_Number, FirstName, LastName, isAdult, Passport_ID) values('LPR34067IYYY', 1, 'Emma', 'Brown', 1, 'MM901234');
INSERT into booked_seat(Booking, Seat_Number, FirstName, LastName, isAdult, Passport_ID) values('LPR34067IYYY', 2, 'Liam', 'Johnson', 1, 'NN567890');
INSERT into booked_seat(Booking, Seat_Number, FirstName, LastName, isAdult, Passport_ID) values('OOYUL45UIPOP', 5, 'Sophia', 'Wilson', 1, 'OO123456');
INSERT into booked_seat(Booking, Seat_Number, FirstName, LastName, isAdult, Passport_ID) values('OOYUL45UIPOP', 6, 'Ethan', 'Hall', 1, 'PP789012');
INSERT into booked_seat(Booking, Seat_Number, FirstName, LastName, isAdult, Passport_ID) values('OOYUL45UIPOP', 7, 'Ava', 'Moore', 1, 'QQ345678');
INSERT into booked_seat(Booking, Seat_Number, FirstName, LastName, isAdult, Passport_ID) values('OOYUL45UIPOP', 8, 'William', 'Thompson', 1, 'RR901234');
INSERT into booked_seat(Booking, Seat_Number, FirstName, LastName, isAdult, Passport_ID) values('OOYUL45UIPOP', 9, 'Olivia', 'Clark', 1, 'SS567890');
INSERT into booked_seat(Booking, Seat_Number, FirstName, LastName, isAdult, Passport_ID) values('OOYUL45UIPOP', 10, 'Mason', 'Martin', 1, 'TT123456');
INSERT into booked_seat(Booking, Seat_Number, FirstName, LastName, isAdult, Passport_ID) values('OOYUL45UIPOP', 11, 'Charlotte', 'White', 1, 'UU789012');
INSERT into booked_seat(Booking, Seat_Number, FirstName, LastName, isAdult, Passport_ID) values('OOYUL45UIPOP', 12, 'Henry', 'Anderson', 1, 'VV345678');
INSERT into booked_seat(Booking, Seat_Number, FirstName, LastName, isAdult, Passport_ID) values('OOYUL45UIPOP', 13, 'Amelia', 'Garcia', 1, 'WW901234');
INSERT into booked_seat(Booking, Seat_Number, FirstName, LastName, isAdult, Passport_ID) values('OOYUL45UIPOP', 14, 'Benjamin', 'Turner', 1, 'XX567890');
INSERT into booked_seat(Booking, Seat_Number, FirstName, LastName, isAdult, Passport_ID) values('FFYUL78UIJKL', 17, 'Harper', 'Harris', 1, 'YY123456');
INSERT into booked_seat(Booking, Seat_Number, FirstName, LastName, isAdult, Passport_ID) values('FFYUL78UIJKL', 18, 'Evelyn', 'Scott', 1, 'ZZ789012');
INSERT into booked_seat(Booking, Seat_Number, FirstName, LastName, isAdult, Passport_ID) values('FFYUL78UIJKL', 19, 'Sofia', 'Hall', 1, 'AB345678');
INSERT into booked_seat(Booking, Seat_Number, FirstName, LastName, isAdult, Passport_ID) values('FFYUL78UIJKL', 20, 'Liam', 'Turner', 1, 'CD901234');
INSERT into booked_seat(Booking, Seat_Number, FirstName, LastName, isAdult, Passport_ID) values('FFYUL78UIJKL', 21, 'Lucas', 'Anderson', 1, 'EF567890');
INSERT into booked_seat(Booking, Seat_Number, FirstName, LastName, isAdult, Passport_ID) values('FFYUL78UIJKL', 22, 'Zoey', 'Thompson', 1, 'GH123456');
INSERT into booked_seat(Booking, Seat_Number, FirstName, LastName, isAdult, Passport_ID) values('FFYUL78UIJKL', 23, 'Aubrey', 'Wilson', 1, 'KL345678');
INSERT into booked_seat(Booking, Seat_Number, FirstName, LastName, isAdult, Passport_ID) values('FFYUL78UIJKL', 24, 'Zoe', 'Walker', 1, 'MN901234');
INSERT into booked_seat(Booking, Seat_Number, FirstName, LastName, isAdult, Passport_ID) values('96787T56JO00', 1, 'Oliver', 'Smith', 1, 'OP567890');
INSERT into booked_seat(Booking, Seat_Number, FirstName, LastName, isAdult, Passport_ID) values('96787T56JO00', 2, 'Sophia', 'Martinez', 1, 'QR123456');
INSERT into booked_seat(Booking, Seat_Number, FirstName, LastName, isAdult, Passport_ID) values('UYTRL94UI453', 11, 'Sophia', 'Smith', 1, 'UV345678');
INSERT into booked_seat(Booking, Seat_Number, FirstName, LastName, isAdult, Passport_ID) values('UYTRL94UI453', 12, 'Oliver', 'Johnson', 1, 'WX901234');
INSERT into booked_seat(Booking, Seat_Number, FirstName, LastName, isAdult, Passport_ID) values('UYTRL94UI453', 13, 'Ava', 'Williams', 1, 'YZ567890');
INSERT into booked_seat(Booking, Seat_Number, FirstName, LastName, isAdult, Passport_ID) values('UYTRL94UI453', 14, 'Liam', 'Brown', 0, 'AA123456');
INSERT into booked_seat(Booking, Seat_Number, FirstName, LastName, isAdult, Passport_ID) values('UYTRL94UI453', 15, 'Emma', 'Jones', 1, 'BB789012');
INSERT into booked_seat(Booking, Seat_Number, FirstName, LastName, isAdult, Passport_ID) values('450QLHJ2I8L4', 23, 'Ethan', 'Wilson', 1, 'CC345678');
INSERT into booked_seat(Booking, Seat_Number, FirstName, LastName, isAdult, Passport_ID) values('450QLHJ2I8L4', 24, 'Olivia', 'Johnson', 1, 'DD901234');
INSERT into booked_seat(Booking, Seat_Number, FirstName, LastName, isAdult, Passport_ID) values('450QLHJ2I8L4', 25, 'Aiden', 'Davis', 1, 'EE567890');
INSERT into booked_seat(Booking, Seat_Number, FirstName, LastName, isAdult, Passport_ID) values('450QLHJ2I8L4', 26, 'Sophia', 'Smith', 1, 'FF123456');
INSERT into booked_seat(Booking, Seat_Number, FirstName, LastName, isAdult, Passport_ID) values('450QLHJ2I8L4', 27, 'Noah', 'Brown', 0, 'GG789012');
INSERT into booked_seat(Booking, Seat_Number, FirstName, LastName, isAdult, Passport_ID) values('450QLHJ2I8L4', 28, 'Mia', 'Anderson', 1, 'HH345678');
INSERT into booked_seat(Booking, Seat_Number, FirstName, LastName, isAdult, Passport_ID) values('450QLHJ2I8L4', 29, 'Liam', 'Martinez', 1, 'II901234');
INSERT into booked_seat(Booking, Seat_Number, FirstName, LastName, isAdult, Passport_ID) values('EEOII3B2493E', 1, 'Sophia', 'Anderson', 1, 'JJ567890');
INSERT into booked_seat(Booking, Seat_Number, FirstName, LastName, isAdult, Passport_ID) values('EEOII3B2493E', 2, 'William', 'Smith', 1, 'KK123456');
INSERT into booked_seat(Booking, Seat_Number, FirstName, LastName, isAdult, Passport_ID) values('AYUU82OPI234', 1, 'Ella', 'Anderson', 1, 'LL789012');
INSERT into booked_seat(Booking, Seat_Number, FirstName, LastName, isAdult, Passport_ID) values('AYUU82OPI234', 2, 'Oliver', 'Martinez', 1, 'MM345678');
INSERT into booked_seat(Booking, Seat_Number, FirstName, LastName, isAdult, Passport_ID) values('AYUU82OPI234', 3, 'Mia', 'Garcia', 1, 'NN901234');
INSERT into booked_seat(Booking, Seat_Number, FirstName, LastName, isAdult, Passport_ID) values('AYUU82OPI234', 4, 'Ethan', 'Smith', 1, 'OO567890');
INSERT into booked_seat(Booking, Seat_Number, FirstName, LastName, isAdult, Passport_ID) values('AYUU82OPI234', 5, 'Liam', 'Williams', 1, 'PP123456');
INSERT into booked_seat(Booking, Seat_Number, FirstName, LastName, isAdult, Passport_ID) values('87PPP3300HJJ', 1, 'Isabella', 'Clark', 1, 'QQ789012');
INSERT into booked_seat(Booking, Seat_Number, FirstName, LastName, isAdult, Passport_ID) values('87PPP3300HJJ', 2, 'Alexander', 'Lewis', 1, 'RR345678');
INSERT into booked_seat(Booking, Seat_Number, FirstName, LastName, isAdult, Passport_ID) values('876U825UI0PK', 8, 'Sophia', 'Johnson', 1, 'SS901234');
INSERT into booked_seat(Booking, Seat_Number, FirstName, LastName, isAdult, Passport_ID) values('876U825UI0PK', 9, 'Ethan', 'Brown', 1, 'TT567890');
INSERT into booked_seat(Booking, Seat_Number, FirstName, LastName, isAdult, Passport_ID) values('876U825UI0PK', 10, 'Olivia', 'Lee', 1, 'UU123456');
INSERT into booked_seat(Booking, Seat_Number, FirstName, LastName, isAdult, Passport_ID) values('876U825UI0PK', 11, 'Aiden', 'Williams', 1, 'VV789012');
INSERT into booked_seat(Booking, Seat_Number, FirstName, LastName, isAdult, Passport_ID) values('VGY6696II0OO', 24, 'Olivia', 'Moore', 1, 'WW345678');
INSERT into booked_seat(Booking, Seat_Number, FirstName, LastName, isAdult, Passport_ID) values('VGY6696II0OO', 25, 'Elijah', 'White', 1, 'XX901234');
INSERT into booked_seat(Booking, Seat_Number, FirstName, LastName, isAdult, Passport_ID) values('VGY6696II0OO', 26, 'Sophia', 'Wilson', 1, 'YY567890');
INSERT into booked_seat(Booking, Seat_Number, FirstName, LastName, isAdult, Passport_ID) values('980RTUUU0KTY', 1, 'Babar', 'Azam', 1, 'ZZ123456');
INSERT into booked_seat(Booking, Seat_Number, FirstName, LastName, isAdult, Passport_ID) values('9856L96890PI', 32, 'Liam', 'Brown', 1, 'AB789012');
INSERT into booked_seat(Booking, Seat_Number, FirstName, LastName, isAdult, Passport_ID) values('9856L96890PI', 33, 'Ava', 'Anderson', 1, 'CD345678');
INSERT into booked_seat(Booking, Seat_Number, FirstName, LastName, isAdult, Passport_ID) values('9856L96890PI', 34, 'Elijah', 'White', 1, 'EF901234');
INSERT into booked_seat(Booking, Seat_Number, FirstName, LastName, isAdult, Passport_ID) values('9856L96890PI', 35, 'Mia', 'Harris', 1, 'GH567890');
INSERT into booked_seat(Booking, Seat_Number, FirstName, LastName, isAdult, Passport_ID) values('ABCPL94UI0JK', 1, 'Sakura', 'Tanaka', 1, 'IJ123456');
INSERT into booked_seat(Booking, Seat_Number, FirstName, LastName, isAdult, Passport_ID) values('ABCPL94UI0JK', 2, 'Rajesh', 'Kumar', 1, 'XY1234PQ');
INSERT into booked_seat(Booking, Seat_Number, FirstName, LastName, isAdult, Passport_ID) values('ABCPL94UI0JK', 3, 'Mei', 'Chen', 1, 'AB1234PQ');
INSERT into booked_seat(Booking, Seat_Number, FirstName, LastName, isAdult, Passport_ID) values('ABCPL94UI0JK', 4, 'Hiroshi', 'Sato', 1, 'CD5678EF');
INSERT into booked_seat(Booking, Seat_Number, FirstName, LastName, isAdult, Passport_ID) values('ABCPL94UI0JK', 5, 'Aishwarya', 'Das', 1, 'GH9012IJ');
INSERT into booked_seat(Booking, Seat_Number, FirstName, LastName, isAdult, Passport_ID) values('ABCPL94UI0JK', 6, 'Wei', 'Li', 1, 'KL3456MN');
INSERT into booked_seat(Booking, Seat_Number, FirstName, LastName, isAdult, Passport_ID) values('ABCPL94UI0JK', 7, 'Yuki', 'Nakamura', 1, 'OP7890QR');
INSERT into booked_seat(Booking, Seat_Number, FirstName, LastName, isAdult, Passport_ID) values('FTYUL94UI075', 8, 'Ananya', 'Rao', 1, 'ST2345UV');
INSERT into booked_seat(Booking, Seat_Number, FirstName, LastName, isAdult, Passport_ID) values('FTYUL94UI075', 9, 'Takashi', 'Yamamoto', 1, 'WX6789YZ');
INSERT into booked_seat(Booking, Seat_Number, FirstName, LastName, isAdult, Passport_ID) values('FTYUL94UI075', 10, 'Priya', 'Patel', 1, 'AB0123CD');
INSERT into booked_seat(Booking, Seat_Number, FirstName, LastName, isAdult, Passport_ID) values('FTYUL94UI075', 11, 'Jin', 'Kim', 1, 'EF4567GH');
INSERT into booked_seat(Booking, Seat_Number, FirstName, LastName, isAdult, Passport_ID) values('FTYUL94UI075', 12, 'Nandini', 'Sharma', 1, 'IJ8901KL');
INSERT into booked_seat(Booking, Seat_Number, FirstName, LastName, isAdult, Passport_ID) values('FTYUL94UI075', 13, 'Hiroki', 'Suzuki', 1, 'MN2345OP');
INSERT into booked_seat(Booking, Seat_Number, FirstName, LastName, isAdult, Passport_ID) values('PLCPL0OUI023', 23, 'Hiroshi', 'Tanaka', 1, 'QR6789ST');
INSERT into booked_seat(Booking, Seat_Number, FirstName, LastName, isAdult, Passport_ID) values('PLCPL0OUI023', 24, 'Mei', 'Chen', 1, 'UV0123WX');
INSERT into booked_seat(Booking, Seat_Number, FirstName, LastName, isAdult, Passport_ID) values('PLCPL0OUI023', 25, 'Rajesh', 'Kumar', 1, 'YZ4567AB');
INSERT into booked_seat(Booking, Seat_Number, FirstName, LastName, isAdult, Passport_ID) values('QWERL0O450UU', 1, 'Emma', 'Wilson', 1, 'CD8901EF');
INSERT into booked_seat(Booking, Seat_Number, FirstName, LastName, isAdult, Passport_ID) values('QWERL0O450UU', 2, 'Oliver', 'Lee', 1, 'GH2345IJ');
INSERT into booked_seat(Booking, Seat_Number, FirstName, LastName, isAdult, Passport_ID) values('QWERL0O450UU', 3, 'Sophia', 'Smith', 1, 'KL6789MN');
INSERT into booked_seat(Booking, Seat_Number, FirstName, LastName, isAdult, Passport_ID) values('QWERL0O450UU', 4, 'Liam', 'Johnson', 1, 'OP0123QR');
INSERT into booked_seat(Booking, Seat_Number, FirstName, LastName, isAdult, Passport_ID) values('QWERL0O450UU', 5, 'Ava', 'Brown', 1, 'ST4567UV');
INSERT into booked_seat(Booking, Seat_Number, FirstName, LastName, isAdult, Passport_ID) values('QWERL0O450UU', 6, 'Noah', 'Davis', 1, 'WX8901YZ');
INSERT into booked_seat(Booking, Seat_Number, FirstName, LastName, isAdult, Passport_ID) values('G78I4KIUI345', 2, 'Liam', 'Smith', 1, 'AB2345CD');
INSERT into booked_seat(Booking, Seat_Number, FirstName, LastName, isAdult, Passport_ID) values('G78I4KIUI345', 3, 'Emma', 'Wilson', 1, 'EF6789GH');
INSERT into booked_seat(Booking, Seat_Number, FirstName, LastName, isAdult, Passport_ID) values('G78I4KIUI345', 4, 'Lucas', 'Brown', 1, 'IJ0123KL');
INSERT into booked_seat(Booking, Seat_Number, FirstName, LastName, isAdult, Passport_ID) values('HJK09KIUI7KL', 10, 'Sophia', 'Johnson', 1, 'MN4567OP');
INSERT into booked_seat(Booking, Seat_Number, FirstName, LastName, isAdult, Passport_ID) values('HJK09KIUI7KL', 11, 'Jackson', 'Brown', 1, 'QR8901ST');
INSERT into booked_seat(Booking, Seat_Number, FirstName, LastName, isAdult, Passport_ID) values('HJK09KIUI7KL', 12, 'Ava', 'Smith', 1, 'UV2345WX');
INSERT into booked_seat(Booking, Seat_Number, FirstName, LastName, isAdult, Passport_ID) values('HJK09KIUI7KL', 13, 'Olivia', 'Wilson', 1, 'YZ6789AB');
INSERT into booked_seat(Booking, Seat_Number, FirstName, LastName, isAdult, Passport_ID) values('00UI4KIUIOP3', 19, 'Emma', 'Garcia', 1, 'CD0123EF');
INSERT into booked_seat(Booking, Seat_Number, FirstName, LastName, isAdult, Passport_ID) values('00UI4KIUIOP3', 20, 'Liam', 'Davis', 1, 'GH4567IJ');
INSERT into booked_seat(Booking, Seat_Number, FirstName, LastName, isAdult, Passport_ID) values('00UI4KIUIOP3', 21, 'Mia', 'Thompson', 1, 'KL8901MN');
INSERT into booked_seat(Booking, Seat_Number, FirstName, LastName, isAdult, Passport_ID) values('00UI4KIUIOP3', 22, 'Lucas', 'Hall', 1, 'OP2345QR');
INSERT into booked_seat(Booking, Seat_Number, FirstName, LastName, isAdult, Passport_ID) values('00UI4KIUIOP3', 23, 'Elijah', 'Smith', 1, 'WX0123YZ');
INSERT into booked_seat(Booking, Seat_Number, FirstName, LastName, isAdult, Passport_ID) values('OJ4583300HJJ', 1, 'Tom', 'Cruise', 1, 'AB4567CD');
INSERT into booked_seat(Booking, Seat_Number, FirstName, LastName, isAdult, Passport_ID) values('LYVPGMTFCKY5', 1, 'Sam', 'Convoy', 1, 'II789012');
INSERT into booked_seat(Booking, Seat_Number, FirstName, LastName, isAdult, Passport_ID) values('K783928UIUYT', 35, 'Sam', 'Convoy', 1, 'II789012');
INSERT into booked_seat(Booking, Seat_Number, FirstName, LastName, isAdult, Passport_ID) values('K783928UIUYT', 36, 'Jack', 'Foster', 1, 'MN6789OP');
INSERT into booked_seat(Booking, Seat_Number, FirstName, LastName, isAdult, Passport_ID) values('K783928UIUYT', 37, 'Leo', 'Carter', 1, 'QR0123ST');
INSERT into booked_seat(Booking, Seat_Number, FirstName, LastName, isAdult, Passport_ID) values('K783928UIUYT', 40, 'Lily', 'James', 0, 'UV4567WX');
INSERT into booked_seat(Booking, Seat_Number, FirstName, LastName, isAdult, Passport_ID) values('K783928UIUYT', 41, 'Caleb', 'Adams', 0, 'YZ8901AB');
INSERT into booked_seat(Booking, Seat_Number, FirstName, LastName, isAdult, Passport_ID) values('K783928UIUYT', 42, 'Zoey', 'Hall', 0, 'CD2345EF');
INSERT into booked_seat(Booking, Seat_Number, FirstName, LastName, isAdult, Passport_ID) values('K783928UIUYT', 38, 'Aubrey', 'Adams', 1, 'GH6789IJ');
INSERT into booked_seat(Booking, Seat_Number, FirstName, LastName, isAdult, Passport_ID) values('K783928UIUYT', 39, 'Zoe', 'Turner', 1, 'KL0123MN');
INSERT into booked_seat(Booking, Seat_Number, FirstName, LastName, isAdult, Passport_ID) values('UYR4LEBUI6H5', 1, 'Sam', 'Convoy', 1, 'II789012');
INSERT into booked_seat(Booking, Seat_Number, FirstName, LastName, isAdult, Passport_ID) values('W5T7L28UI0PK', 20, 'Grace', 'Moore', 1, 'ST8901UV');
INSERT into booked_seat(Booking, Seat_Number, FirstName, LastName, isAdult, Passport_ID) values('ZXP46YB2412P', 1, 'Olivia', 'Johnson', 1, 'WX2345YZ');
INSERT into booked_seat(Booking, Seat_Number, FirstName, LastName, isAdult, Passport_ID) values('ZXP46YB2412P', 2, 'Noah', 'Williams', 1, 'AB6789CD');
INSERT into booked_seat(Booking, Seat_Number, FirstName, LastName, isAdult, Passport_ID) values('ZXP46YB2412P', 3, 'Ava', 'Brown', 1, 'EF0123GH');
INSERT into booked_seat(Booking, Seat_Number, FirstName, LastName, isAdult, Passport_ID) values('ZXP46YB2412P', 4, 'William', 'Davis', 1, 'IJ4567KL');
INSERT into booked_seat(Booking, Seat_Number, FirstName, LastName, isAdult, Passport_ID) values('ZXP46YB2412P', 5, 'Sophia', 'Miller', 1, 'MN8901OP');
INSERT into booked_seat(Booking, Seat_Number, FirstName, LastName, isAdult, Passport_ID) values('KOPL94UI10PK', 1, 'Yuki', 'Tanaka', 1, 'QR2345ST');
INSERT into booked_seat(Booking, Seat_Number, FirstName, LastName, isAdult, Passport_ID) values('KOPL94UI10PK', 2, 'Akira', 'Yamamoto', 1, 'UV6789WX');
INSERT into booked_seat(Booking, Seat_Number, FirstName, LastName, isAdult, Passport_ID) values('KOPL94UI10PK', 3, 'Mei', 'Chen', 1, 'YZ0123AB');
INSERT into booked_seat(Booking, Seat_Number, FirstName, LastName, isAdult, Passport_ID) values('KOPL94UI10PK', 4, 'Ravi', 'Kumar', 1, 'CD4567EF');
INSERT into booked_seat(Booking, Seat_Number, FirstName, LastName, isAdult, Passport_ID) values('KOPL94UI10PK', 5, 'Wei', 'Li', 1, 'GH8901IJ');
INSERT into booked_seat(Booking, Seat_Number, FirstName, LastName, isAdult, Passport_ID) values('KOPL94UI10PK', 6, 'Sakura', 'Sato', 0, 'KL2345MN');
INSERT into booked_seat(Booking, Seat_Number, FirstName, LastName, isAdult, Passport_ID) values('KOPL94UI10PK', 7, 'Hiroshi', 'Watanabe', 1, 'OP6789QR');
INSERT into booked_seat(Booking, Seat_Number, FirstName, LastName, isAdult, Passport_ID) values('KOPL94UI10PK', 8, 'Ananya', 'Sharma', 1, 'ST0123UV');
INSERT into booked_seat(Booking, Seat_Number, FirstName, LastName, isAdult, Passport_ID) values('KOPL94UI10PK', 9, 'Jin', 'Kim', 1, 'WX4567YZ');
INSERT into booked_seat(Booking, Seat_Number, FirstName, LastName, isAdult, Passport_ID) values('KOPL94UI10PK', 10, 'Priya', 'Patel', 1, 'AB8901CD');
INSERT into booked_seat(Booking, Seat_Number, FirstName, LastName, isAdult, Passport_ID) values('RTUOIY739289', 11, 'Hiroshi', 'Nakamura', 1, 'EF2345GH');
INSERT into booked_seat(Booking, Seat_Number, FirstName, LastName, isAdult, Passport_ID) values('RTUOIY739289', 12, 'Ayesha', 'Chowdhury', 1, 'IJ6789KL');
INSERT into booked_seat(Booking, Seat_Number, FirstName, LastName, isAdult, Passport_ID) values('RTUOIY739289', 13, 'Jin', 'Kim', 1, 'MN0123OP');
INSERT into booked_seat(Booking, Seat_Number, FirstName, LastName, isAdult, Passport_ID) values('RTUOIY739289', 14, 'Priya', 'Patel', 1, 'QR4567ST');
INSERT into booked_seat(Booking, Seat_Number, FirstName, LastName, isAdult, Passport_ID) values('RTUOIY739289', 15, 'Yuki', 'Tanaka', 1, 'UV8901WX');
INSERT into booked_seat(Booking, Seat_Number, FirstName, LastName, isAdult, Passport_ID) values('RTUOIY739289', 16, 'Akira', 'Yamamoto', 1, 'YZ2345AB');
INSERT into booked_seat(Booking, Seat_Number, FirstName, LastName, isAdult, Passport_ID) values('RTUOIY739289', 17, 'Mei', 'Chen', 1, 'CD6789EF');
INSERT into booked_seat(Booking, Seat_Number, FirstName, LastName, isAdult, Passport_ID) values('RTUOIY739289', 18, 'Ravi', 'Kumar', 1, 'GH0123IJ');
INSERT into booked_seat(Booking, Seat_Number, FirstName, LastName, isAdult, Passport_ID) values('RTUOIY739289', 19, 'Wei', 'Li', 1, 'KL4567MN');
INSERT into booked_seat(Booking, Seat_Number, FirstName, LastName, isAdult, Passport_ID) values('RTUOIY739289', 20, 'Sakura', 'Sato', 0, 'OP8901QR');
INSERT into booked_seat(Booking, Seat_Number, FirstName, LastName, isAdult, Passport_ID) values('9E47L944YYPK', 21, 'Haruki', 'Nakamura', 1, 'ST2345UV');
INSERT into booked_seat(Booking, Seat_Number, FirstName, LastName, isAdult, Passport_ID) values('9E47L944YYPK', 22, 'Sanya', 'Chowdhury', 1, 'WX6789YZ');
INSERT into booked_seat(Booking, Seat_Number, FirstName, LastName, isAdult, Passport_ID) values('9E47L944YYPK', 23, 'Yuna', 'Kim', 1, 'AB0123CD');
INSERT into booked_seat(Booking, Seat_Number, FirstName, LastName, isAdult, Passport_ID) values('9E47L944YYPK', 24, 'Kabir', 'Patel', 1, 'EF4567GH');
INSERT into booked_seat(Booking, Seat_Number, FirstName, LastName, isAdult, Passport_ID) values('LLRRL914Y5PE', 1, 'Elijah', 'Taylor', 1, 'IJ8901KL');
INSERT into booked_seat(Booking, Seat_Number, FirstName, LastName, isAdult, Passport_ID) values('LLRRL914Y5PE', 2, 'Sofia', 'Martin', 1, 'MN2345OP');
INSERT into booked_seat(Booking, Seat_Number, FirstName, LastName, isAdult, Passport_ID) values('LLRRL914Y5PE', 3, 'Lucas', 'Anderson', 1, 'QR6789ST');
INSERT into booked_seat(Booking, Seat_Number, FirstName, LastName, isAdult, Passport_ID) values('LLRRL914Y5PE', 4, 'Zoey', 'Walker', 1, 'UV0123WX');
INSERT into booked_seat(Booking, Seat_Number, FirstName, LastName, isAdult, Passport_ID) values('LLRRL914Y5PE', 5, 'Aubrey', 'Harris', 1, 'YZ4567AB');
INSERT into booked_seat(Booking, Seat_Number, FirstName, LastName, isAdult, Passport_ID) values('LLRRL914Y5PE', 6, 'Caleb', 'White', 1, 'CD8901EF');
INSERT into booked_seat(Booking, Seat_Number, FirstName, LastName, isAdult, Passport_ID) values('LLRRL914Y5PE', 7, 'Harper', 'Smith', 1, 'GH2345IJ');
INSERT into booked_seat(Booking, Seat_Number, FirstName, LastName, isAdult, Passport_ID) values('LLRRL914Y5PE', 8, 'Evelyn', 'Wilson', 1, 'KL6789MN');
INSERT into booked_seat(Booking, Seat_Number, FirstName, LastName, isAdult, Passport_ID) values('WWWWLUUYY5PE', 1, 'Liam', 'Smith', 1, 'OP0123QR');
INSERT into booked_seat(Booking, Seat_Number, FirstName, LastName, isAdult, Passport_ID) values('WWWWLUUYY5PE', 2, 'Olivia', 'Johnson', 1, 'WX8901YZ');
INSERT into booked_seat(Booking, Seat_Number, FirstName, LastName, isAdult, Passport_ID) values('WWWWLUUYY5PE', 3, 'Lucas', 'Williams', 1, 'AB2345CD');
INSERT into booked_seat(Booking, Seat_Number, FirstName, LastName, isAdult, Passport_ID) values('WWWWLUUYY5PE', 4, 'Zoe', 'Brown', 1, 'EF6789GH');
INSERT into booked_seat(Booking, Seat_Number, FirstName, LastName, isAdult, Passport_ID) values('WWWWLUUYY5PE', 5, 'Evelyn', 'Davis', 1, 'IJ0123KL');
INSERT into booked_seat(Booking, Seat_Number, FirstName, LastName, isAdult, Passport_ID) values('WWWWLUUYY5PE', 6, 'Caleb', 'Anderson', 1, 'MN4567OP');
INSERT into booked_seat(Booking, Seat_Number, FirstName, LastName, isAdult, Passport_ID) values('OIU5675NH0PL', 1, 'Liam', 'Smith', 1, 'QR8901ST');
INSERT into booked_seat(Booking, Seat_Number, FirstName, LastName, isAdult, Passport_ID) values('OIU5675NH0PL', 2, 'Olivia', 'Johnson', 1, 'UV2345WX');
INSERT into booked_seat(Booking, Seat_Number, FirstName, LastName, isAdult, Passport_ID) values('OIU5675NH0PL', 3, 'Noah', 'Williams', 1, 'YZ6789AB');
INSERT into booked_seat(Booking, Seat_Number, FirstName, LastName, isAdult, Passport_ID) values('OIU5675NH0PL', 4, 'Emma', 'Brown', 1, 'CD0123EF');
INSERT into booked_seat(Booking, Seat_Number, FirstName, LastName, isAdult, Passport_ID) values('OIU5675NH0PL', 5, 'Liam', 'Jones', 1, 'GH4567IJ');
INSERT into booked_seat(Booking, Seat_Number, FirstName, LastName, isAdult, Passport_ID) values('OIU5675NH0PL', 6, 'Ava', 'Miller', 1, 'KL8901MN');
INSERT into booked_seat(Booking, Seat_Number, FirstName, LastName, isAdult, Passport_ID) values('OIU5675NH0PL', 7, 'Lucas', 'Davis', 1, 'OP2345QR');
INSERT into booked_seat(Booking, Seat_Number, FirstName, LastName, isAdult, Passport_ID) values('OIU5675NH0PL', 8, 'Sophia', 'Garcia', 1, 'ST6789UV');
INSERT into booked_seat(Booking, Seat_Number, FirstName, LastName, isAdult, Passport_ID) values('7845675NH034', 9, 'Sophia', 'Davis', 1, 'WX0123YZ');
INSERT into booked_seat(Booking, Seat_Number, FirstName, LastName, isAdult, Passport_ID) values('7845675NH034', 10, 'Mason', 'Hall', 1, 'AB4567CD');
INSERT into booked_seat(Booking, Seat_Number, FirstName, LastName, isAdult, Passport_ID) values('7845675NH034', 11, 'Scarlett', 'Adams', 1, 'EF8901GH');
INSERT into booked_seat(Booking, Seat_Number, FirstName, LastName, isAdult, Passport_ID) values('7845675NH034', 12, 'Carter', 'Baker', 1, 'IJ2345KL');
INSERT into booked_seat(Booking, Seat_Number, FirstName, LastName, isAdult, Passport_ID) values('7845675NH034', 13, 'Hazel', 'Lewis', 1, 'MN6789OP');
INSERT into booked_seat(Booking, Seat_Number, FirstName, LastName, isAdult, Passport_ID) values('UIOGTU5NH0PP', 15, 'Sam', 'Convoy', 1, 'QR0123ST');
INSERT into booked_seat(Booking, Seat_Number, FirstName, LastName, isAdult, Passport_ID) values('UIOGTU5NH0PP', 16, 'Olivia', 'Smith', 1, 'UV4567WX');
INSERT into booked_seat(Booking, Seat_Number, FirstName, LastName, isAdult, Passport_ID) values('UIOGTU5NH0PP', 17, 'James', 'Johnson', 1, 'YZ8901AB');
INSERT into booked_seat(Booking, Seat_Number, FirstName, LastName, isAdult, Passport_ID) values('UIOGTU5NH0PP', 18, 'Sophia', 'Martinez', 1, 'ZA1234XW');
INSERT into booked_seat(Booking, Seat_Number, FirstName, LastName, isAdult, Passport_ID) values('UIOGTU5NH0PP', 19, 'Lucas', 'Brown', 1, 'BC5678YX');
INSERT into booked_seat(Booking, Seat_Number, FirstName, LastName, isAdult, Passport_ID) values('UIOGTU5NH0PP', 20, 'Emma', 'Wilson', 1, 'DE9012WV');
INSERT into booked_seat(Booking, Seat_Number, FirstName, LastName, isAdult, Passport_ID) values('UIOGTU5NH0PP', 21, 'Liam', 'Thompson', 1, 'FG3456UV');
INSERT into booked_seat(Booking, Seat_Number, FirstName, LastName, isAdult, Passport_ID) values('UIOGTU5NH0PP', 22, 'Ava', 'Harris', 1, 'HI7890TS');
INSERT into booked_seat(Booking, Seat_Number, FirstName, LastName, isAdult, Passport_ID) values('UIOGTU5NH0PP', 23, 'Oliver', 'Evans', 1, 'JK2345SR');
INSERT into booked_seat(Booking, Seat_Number, FirstName, LastName, isAdult, Passport_ID) values('UIOGTU5NH0PP', 24, 'Isabella', 'Davis', 1, 'LM6789RQ');
INSERT into booked_seat(Booking, Seat_Number, FirstName, LastName, isAdult, Passport_ID) values('3456TU5NH0PP', 27, 'Elijah', 'Lopez', 1, 'NO0123QP');
INSERT into booked_seat(Booking, Seat_Number, FirstName, LastName, isAdult, Passport_ID) values('3456TU5NH0PP', 28, 'Grace', 'Turner', 1, 'PQ4567PO');
INSERT into booked_seat(Booking, Seat_Number, FirstName, LastName, isAdult, Passport_ID) values('3456TU5NH0PP', 29, 'Daniel', 'Ward', 1, 'RS8901ON');
INSERT into booked_seat(Booking, Seat_Number, FirstName, LastName, isAdult, Passport_ID) values('3456TU5NH0PP', 30, 'Scarlett', 'Clark', 1, 'TU2345NM');
INSERT into booked_seat(Booking, Seat_Number, FirstName, LastName, isAdult, Passport_ID) values('OIU5675NRREE', 32, 'Liam', 'Johnson', 1, 'VW6789ML');
INSERT into booked_seat(Booking, Seat_Number, FirstName, LastName, isAdult, Passport_ID) values('OIU5675NRREE', 33, 'Emma', 'Brown', 1, 'XY0123LK');
INSERT into booked_seat(Booking, Seat_Number, FirstName, LastName, isAdult, Passport_ID) values('OIU5675NRREE', 34, 'James', 'Anderson', 1, 'YZ4567KJ');
INSERT into booked_seat(Booking, Seat_Number, FirstName, LastName, isAdult, Passport_ID) values('OIU5675NRREE', 35, 'Mia', 'Moore', 1, 'ZA8901JI');
INSERT into booked_seat(Booking, Seat_Number, FirstName, LastName, isAdult, Passport_ID) values('OIU5675NRREE', 36, 'Oliver', 'Garcia', 1, 'BC2345IH');
INSERT into booked_seat(Booking, Seat_Number, FirstName, LastName, isAdult, Passport_ID) values('OIU5675NRREE', 37, 'Ava', 'Young', 1, 'DE6789HG');
INSERT into booked_seat(Booking, Seat_Number, FirstName, LastName, isAdult, Passport_ID) values('OIU5675NRREE', 38, 'William', 'Lewis', 1, 'FG0123GF');
INSERT into booked_seat(Booking, Seat_Number, FirstName, LastName, isAdult, Passport_ID) values('OIU5675NRREE', 39, 'Sophia', 'Ward', 1, 'HI4567FE');
INSERT into booked_seat(Booking, Seat_Number, FirstName, LastName, isAdult, Passport_ID) values('OIU5675NRREE', 40, 'Benjamin', 'Hall', 1, 'JK8901ED');
INSERT into booked_seat(Booking, Seat_Number, FirstName, LastName, isAdult, Passport_ID) values('OIU5675NRREE', 41, 'Charlotte', 'Evans', 1, 'LM2345DC');
INSERT into booked_seat(Booking, Seat_Number, FirstName, LastName, isAdult, Passport_ID) values('OIU5675NRREE', 42, 'Lucas', 'Martin', 1, 'NO6789CB');
INSERT into booked_seat(Booking, Seat_Number, FirstName, LastName, isAdult, Passport_ID) values('OIU5675NRREE', 43, 'Zoe', 'Lee', 1, 'PQ0123BA');
INSERT into booked_seat(Booking, Seat_Number, FirstName, LastName, isAdult, Passport_ID) values('9876575NRREE', 48, 'Alexander', 'Lewis', 1, 'RS4567AZ');
INSERT into booked_seat(Booking, Seat_Number, FirstName, LastName, isAdult, Passport_ID) values('9876575NRREE', 49, 'Aria', 'Ward', 1, 'TU8901ZA');
INSERT into booked_seat(Booking, Seat_Number, FirstName, LastName, isAdult, Passport_ID) values('9876575NRREE', 50, 'Carter', 'Perry', 1, 'VW2345ZY');
INSERT into booked_seat(Booking, Seat_Number, FirstName, LastName, isAdult, Passport_ID) values('9876575NRREE', 51, 'Grace', 'Baker', 1, 'XY6789YX');
INSERT into booked_seat(Booking, Seat_Number, FirstName, LastName, isAdult, Passport_ID) values('9876575NRREE', 52, 'Logan', 'Russell', 1, 'YZ0123XW');
INSERT into booked_seat(Booking, Seat_Number, FirstName, LastName, isAdult, Passport_ID) values('9876575NRREE', 53, 'Lily', 'Collins', 1, 'ZA4567WV');
INSERT into booked_seat(Booking, Seat_Number, FirstName, LastName, isAdult, Passport_ID) values('9876575NRREE', 54, 'Sebastian', 'Morris', 1, 'BC8901UV');
INSERT into booked_seat(Booking, Seat_Number, FirstName, LastName, isAdult, Passport_ID) values('9876575NRREE', 55, 'Zara', 'Foster', 1, 'DE2345TS');
INSERT into booked_seat(Booking, Seat_Number, FirstName, LastName, isAdult, Passport_ID) values('JKIUN75NH034', 56, 'Isabella', 'Clark', 1, 'II567890');
INSERT into booked_seat(Booking, Seat_Number, FirstName, LastName, isAdult, Passport_ID) values('JKIUN75NH034', 57, 'Scarlett', 'Barnes', 1, 'HI0123RQ');
INSERT into booked_seat(Booking, Seat_Number, FirstName, LastName, isAdult, Passport_ID) values('JKIUN75NH034', 58, 'Lucas', 'Coleman', 1, 'JK4567QP');
INSERT into booked_seat(Booking, Seat_Number, FirstName, LastName, isAdult, Passport_ID) values('JKIUN75NH034', 59, 'Madeline', 'Olson', 1, 'LM8901PO');
INSERT into booked_seat(Booking, Seat_Number, FirstName, LastName, isAdult, Passport_ID) values('JKIUN75NH034', 60, 'Henry', 'Gardner', 1, 'NO2345ON');
INSERT into booked_seat(Booking, Seat_Number, FirstName, LastName, isAdult, Passport_ID) values('JKIUN75NH034', 61, 'Amelia', 'Ward', 1, 'PQ6789NM');
INSERT into booked_seat(Booking, Seat_Number, FirstName, LastName, isAdult, Passport_ID) values('JKIUN75NH034', 62, 'Daniel', 'Hayes', 1, 'RS0123ML');
INSERT into booked_seat(Booking, Seat_Number, FirstName, LastName, isAdult, Passport_ID) values('JKIUN75NH034', 63, 'Violet', 'Doyle', 1, 'TU4567LK');
INSERT into booked_seat(Booking, Seat_Number, FirstName, LastName, isAdult, Passport_ID) values('JKIUN75NH034', 64, 'Elijah', 'Wheeler', 1, 'WX0123YZ');
INSERT into booked_seat(Booking, Seat_Number, FirstName, LastName, isAdult, Passport_ID) values('JKIUN75NH034', 65, 'Avery', 'Nelson', 1, 'XY2345JI');
INSERT into booked_seat(Booking, Seat_Number, FirstName, LastName, isAdult, Passport_ID) values('JKIUN75NH034', 66, 'Sophia', 'Lewis', 1, 'YZ6789IH');
INSERT into booked_seat(Booking, Seat_Number, FirstName, LastName, isAdult, Passport_ID) values('JKIUN75NH034', 67, 'Benjamin', 'Bennett', 1, 'ZA0123HG');
INSERT into booked_seat(Booking, Seat_Number, FirstName, LastName, isAdult, Passport_ID) values('JKIUN75NH034', 68, 'Charlotte', 'Fisher', 1, 'BC4567GF');
INSERT into booked_seat(Booking, Seat_Number, FirstName, LastName, isAdult, Passport_ID) values('654UI75NH034', 1, 'Liam', 'Cooper', 1, 'DE8901FE');
INSERT into booked_seat(Booking, Seat_Number, FirstName, LastName, isAdult, Passport_ID) values('654UI75NH034', 2, 'Emma', 'Fisher', 1, 'FG2345ED');
INSERT into booked_seat(Booking, Seat_Number, FirstName, LastName, isAdult, Passport_ID) values('654UI75NH034', 3, 'Ethan', 'Harrison', 1, 'HI6789DC');
INSERT into booked_seat(Booking, Seat_Number, FirstName, LastName, isAdult, Passport_ID) values('654UI75NH034', 4, 'Aria', 'Jenkins', 1, 'JK0123CB');
INSERT into booked_seat(Booking, Seat_Number, FirstName, LastName, isAdult, Passport_ID) values('J097396NH034', 75, 'Oliver', 'Evans', 1, 'LM4567BA');
INSERT into booked_seat(Booking, Seat_Number, FirstName, LastName, isAdult, Passport_ID) values('J097396NH034', 76, 'Sophia', 'Carter', 1, 'NO8901AZ');
INSERT into booked_seat(Booking, Seat_Number, FirstName, LastName, isAdult, Passport_ID) values('J097396NH034', 77, 'Mason', 'Parker', 1, 'PQ2345ZA');
INSERT into booked_seat(Booking, Seat_Number, FirstName, LastName, isAdult, Passport_ID) values('J097396NH034', 78, 'Ava', 'Murphy', 1, 'RS6789ZY');
INSERT into booked_seat(Booking, Seat_Number, FirstName, LastName, isAdult, Passport_ID) values('J097396NH034', 79, 'Lucas', 'Reed', 1, 'TU0123YX');
INSERT into booked_seat(Booking, Seat_Number, FirstName, LastName, isAdult, Passport_ID) values('J097396NH034', 80, 'Amelia', 'Turner', 1, 'VW4567XW');
INSERT into booked_seat(Booking, Seat_Number, FirstName, LastName, isAdult, Passport_ID) values('J097396NH034', 81, 'Benjamin', 'Ward', 1, 'XY8901WV');
INSERT into booked_seat(Booking, Seat_Number, FirstName, LastName, isAdult, Passport_ID) values('J097396NH034', 82, 'Charlotte', 'Fisher', 1, 'YZ2345UV');
INSERT into booked_seat(Booking, Seat_Number, FirstName, LastName, isAdult, Passport_ID) values('J097396NH034', 83, 'Henry', 'Morgan', 1, 'ZA6789TS');
INSERT into booked_seat(Booking, Seat_Number, FirstName, LastName, isAdult, Passport_ID) values('8310I96NH0OP', 90, 'Ella', 'Lee', 1, 'BC0123SR');
INSERT into booked_seat(Booking, Seat_Number, FirstName, LastName, isAdult, Passport_ID) values('8310I96NH0OP', 91, 'Alexander', 'Garcia', 1, 'DE4567RQ');
INSERT into booked_seat(Booking, Seat_Number, FirstName, LastName, isAdult, Passport_ID) values('8310I96NH0OP', 92, 'Grace', 'Walker', 1, 'FG8901QP');
INSERT into booked_seat(Booking, Seat_Number, FirstName, LastName, isAdult, Passport_ID) values('8310I96NH0OP', 93, 'Carter', 'Hill', 1, 'HI2345PO');
INSERT into booked_seat(Booking, Seat_Number, FirstName, LastName, isAdult, Passport_ID) values('8310I96NH0OP', 94, 'Lily', 'Adams', 1, 'JK6789ON');
INSERT into booked_seat(Booking, Seat_Number, FirstName, LastName, isAdult, Passport_ID) values('8310I96NH0OP', 95, 'James', 'Fisher', 1, 'LM0123ML');
INSERT into booked_seat(Booking, Seat_Number, FirstName, LastName, isAdult, Passport_ID) values('UIYHNTRNHPOJ', 98, 'Emma', 'Parker', 1, 'NO4567LK');
INSERT into booked_seat(Booking, Seat_Number, FirstName, LastName, isAdult, Passport_ID) values('UIYHNTRNHPOJ', 99, 'Oliver', 'Fisher', 1, 'PQ8901KJ');
INSERT into booked_seat(Booking, Seat_Number, FirstName, LastName, isAdult, Passport_ID) values('UIYHNTRNHPOJ', 100, 'Sophia', 'Baker', 1, 'RS2345JI');
INSERT into booked_seat(Booking, Seat_Number, FirstName, LastName, isAdult, Passport_ID) values('UIYHNTRNHPOJ', 101, 'Noah', 'Roberts', 1, 'TU6789IH');
INSERT into booked_seat(Booking, Seat_Number, FirstName, LastName, isAdult, Passport_ID) values('UIYHNTRNHPOJ', 102, 'Mia', 'Adams', 1, 'VW0123HG');
INSERT into booked_seat(Booking, Seat_Number, FirstName, LastName, isAdult, Passport_ID) values('UIYHNTRNHPOJ', 103, 'Liam', 'Carter', 1, 'XY4567GF');
INSERT into booked_seat(Booking, Seat_Number, FirstName, LastName, isAdult, Passport_ID) values('UIYHNTRNHPOJ', 104, 'Ava', 'Perry', 1, 'ZA2345ED');
INSERT into booked_seat(Booking, Seat_Number, FirstName, LastName, isAdult, Passport_ID) values('UIYHNTRNHPOJ', 105, 'Lucas', 'Turner', 1, 'BC6789DC');
INSERT into booked_seat(Booking, Seat_Number, FirstName, LastName, isAdult, Passport_ID) values('UIYHNTRNHPOJ', 106, 'Amelia', 'Russell', 1, 'DE0123CB');
INSERT into booked_seat(Booking, Seat_Number, FirstName, LastName, isAdult, Passport_ID) values('UIYHNTRNHPOJ', 107, 'Ethan', 'Fisher', 1, 'FG4567BA');
INSERT into booked_seat(Booking, Seat_Number, FirstName, LastName, isAdult, Passport_ID) values('UIYHNTRNHPOJ', 108, 'Chloe', 'Morgan', 1, 'HI8901AZ');
INSERT into booked_seat(Booking, Seat_Number, FirstName, LastName, isAdult, Passport_ID) values('UKL4NT340943', 109, 'Elijah', 'Foster', 1, 'BC2345PO');
INSERT into booked_seat(Booking, Seat_Number, FirstName, LastName, isAdult, Passport_ID) values('UKL4NT340943', 110, 'Avery', 'Baker', 1, 'DE6789ON');
INSERT into booked_seat(Booking, Seat_Number, FirstName, LastName, isAdult, Passport_ID) values('UKL4NT340943', 118, 'Daniel', 'Ward', 1, 'FG0123ML');
INSERT into booked_seat(Booking, Seat_Number, FirstName, LastName, isAdult, Passport_ID) values('UKL4NT340943', 119, 'Madeline', 'Hill', 1, 'HI4567LK');
INSERT into booked_seat(Booking, Seat_Number, FirstName, LastName, isAdult, Passport_ID) values('UKL4NT340943', 120, 'Henry', 'Gardner', 1, 'JK8901KJ');
INSERT into booked_seat(Booking, Seat_Number, FirstName, LastName, isAdult, Passport_ID) values('UKL4NT340943', 130, 'Violet', 'Doyle', 1, 'LM2345JI');
INSERT into booked_seat(Booking, Seat_Number, FirstName, LastName, isAdult, Passport_ID) values('UKL4NT340943', 131, 'Elijah', 'Wheeler', 1, 'NO6789IH');
INSERT into booked_seat(Booking, Seat_Number, FirstName, LastName, isAdult, Passport_ID) values('UKL4NT340943', 139, 'Avery', 'Nelson', 1, 'PQ0123HG');
INSERT into booked_seat(Booking, Seat_Number, FirstName, LastName, isAdult, Passport_ID) values('UKL4NT340943', 87, 'Daniel', 'Hayes', 1, 'RS4567GF');
INSERT into booked_seat(Booking, Seat_Number, FirstName, LastName, isAdult, Passport_ID) values('UKL4NT340943', 84, 'Madeline', 'Olson', 1, 'TU8901FE');
INSERT into booked_seat(Booking, Seat_Number, FirstName, LastName, isAdult, Passport_ID) values('UKL4NT340943', 85, 'Henry', 'Gardner', 1, 'VW2345ED');
INSERT into booked_seat(Booking, Seat_Number, FirstName, LastName, isAdult, Passport_ID) values('UKL4NT340943', 86, 'Violet', 'Doyle', 1, 'XY6789DC');
INSERT into booked_seat(Booking, Seat_Number, FirstName, LastName, isAdult, Passport_ID) values('659UO43PO782', 111, 'Ella', 'Smith', 1, 'JK2345ZA');
INSERT into booked_seat(Booking, Seat_Number, FirstName, LastName, isAdult, Passport_ID) values('659UO43PO782', 112, 'Jackson', 'White', 1, 'LM6789ZY');
INSERT into booked_seat(Booking, Seat_Number, FirstName, LastName, isAdult, Passport_ID) values('659UO43PO782', 113, 'Aria', 'Harris', 1, 'NO0123YX');
INSERT into booked_seat(Booking, Seat_Number, FirstName, LastName, isAdult, Passport_ID) values('659UO43PO782', 114, 'Liam', 'Martin', 1, 'PQ4567XW');
INSERT into booked_seat(Booking, Seat_Number, FirstName, LastName, isAdult, Passport_ID) values('659UO43PO782', 115, 'Scarlett', 'Davis', 1, 'RS8901WV');
INSERT into booked_seat(Booking, Seat_Number, FirstName, LastName, isAdult, Passport_ID) values('659UO43PO782', 116, 'Ethan', 'Clark', 1, 'TU2345UV');
INSERT into booked_seat(Booking, Seat_Number, FirstName, LastName, isAdult, Passport_ID) values('659UO43PO782', 117, 'Ava', 'Baker', 1, 'VW6789TS');
INSERT into booked_seat(Booking, Seat_Number, FirstName, LastName, isAdult, Passport_ID) values('UIO64PO78NHY', 121, 'Oliver', 'Wang', 1, 'XY0123SR');
INSERT into booked_seat(Booking, Seat_Number, FirstName, LastName, isAdult, Passport_ID) values('UIO64PO78NHY', 122, 'Lily', 'Chen', 1, 'YZ4567RQ');
INSERT into booked_seat(Booking, Seat_Number, FirstName, LastName, isAdult, Passport_ID) values('UIO64PO78NHY', 123, 'Ethan', 'Liu', 1, 'ZA8901QP');
INSERT into booked_seat(Booking, Seat_Number, FirstName, LastName, isAdult, Passport_ID) values('UIO64PO78NHY', 124, 'Sophia', 'Zhang', 1, 'BC2345PO');
INSERT into booked_seat(Booking, Seat_Number, FirstName, LastName, isAdult, Passport_ID) values('UIO64PO78NHY', 125, 'Mia', 'Zhao', 1, 'DE6789ON');
INSERT into booked_seat(Booking, Seat_Number, FirstName, LastName, isAdult, Passport_ID) values('UIO64PO78NHY', 126, 'Noah', 'Wu', 1, 'FG0123ML');
INSERT into booked_seat(Booking, Seat_Number, FirstName, LastName, isAdult, Passport_ID) values('UIO64PO78NHY', 127, 'Emma', 'Lin', 1, 'HI4567LK');
INSERT into booked_seat(Booking, Seat_Number, FirstName, LastName, isAdult, Passport_ID) values('UIO64PO78NHY', 128, 'Lucas', 'Huang', 1, 'JK8901KJ');
INSERT into booked_seat(Booking, Seat_Number, FirstName, LastName, isAdult, Passport_ID) values('UIO64PO78NHY', 129, 'Ava', 'Xu', 1, 'LM2345JI');
INSERT into booked_seat(Booking, Seat_Number, FirstName, LastName, isAdult, Passport_ID) values('45UI4GTO7UJP', 132, 'David', 'Brown', 1, 'NO6789IH');
INSERT into booked_seat(Booking, Seat_Number, FirstName, LastName, isAdult, Passport_ID) values('45UI4GTO7UJP', 133, 'Sofia', 'Kumar', 1, 'RS4567GF');
INSERT into booked_seat(Booking, Seat_Number, FirstName, LastName, isAdult, Passport_ID) values('45UI4GTO7UJP', 134, 'Liam', 'Singh', 1, 'TU8901FE');
INSERT into booked_seat(Booking, Seat_Number, FirstName, LastName, isAdult, Passport_ID) values('45UI4GTO7UJP', 135, 'Ava', 'Shah', 1, 'VW2345ED');
INSERT into booked_seat(Booking, Seat_Number, FirstName, LastName, isAdult, Passport_ID) values('45UI4GTO7UJP', 136, 'Noah', 'Gupta', 1, 'XY6789DC');
INSERT into booked_seat(Booking, Seat_Number, FirstName, LastName, isAdult, Passport_ID) values('45UI4GTO7UJP', 137, 'Mia', 'Chopra', 1, 'YZ0123CB');
INSERT into booked_seat(Booking, Seat_Number, FirstName, LastName, isAdult, Passport_ID) values('45UI4GTO7UJP', 138, 'Ethan', 'Verma', 1, 'ZA4567BA');



INSERT into guest(Guest_ID, Booking_Ref_ID) values('QYR6L8P07S2I', 'BUI7L6BNML60');
INSERT into guest(Guest_ID, Booking_Ref_ID) values('YJ5P0G9M8NWD', 'DER7L6BNM0PK');
INSERT into guest(Guest_ID, Booking_Ref_ID) values('2TX9M3L1ZVOW', 'IOPYJ6BNM7UK');
INSERT into guest(Guest_ID, Booking_Ref_ID) values('YR7Q6S0J2K9F', 'JKILL6IU50PK');
INSERT into guest(Guest_ID, Booking_Ref_ID) values('4P8K3H1E6Y7S', 'KSRU46IU5724');
INSERT into guest(Guest_ID, Booking_Ref_ID) values('E2VX9L5J7HDB', 'KYJ3928UIBF6');
INSERT into guest(Guest_ID, Booking_Ref_ID) values('W5G2D4M6R1F1', 'P8J4L4JUINMK');
INSERT into guest(Guest_ID, Booking_Ref_ID) values('K7VX2N5U4I8B', 'W6B4L28UI4NH');
INSERT into guest(Guest_ID, Booking_Ref_ID) values('X2U1J3N5P6H0', 'YTE99JMUI8H4');
INSERT into guest(Guest_ID, Booking_Ref_ID) values('N0J9Z4R2T7UQ', '540023B2412P');
INSERT into guest(Guest_ID, Booking_Ref_ID) values('V5O4A3K1D9XU', 'BANAL33009JJ');
INSERT into guest(Guest_ID, Booking_Ref_ID) values('K4D6F9Y0T2PL', 'APPL3B72493E');
INSERT into guest(Guest_ID, Booking_Ref_ID) values('L7O6Z1R9X8VM', '8934L9TYER97');
INSERT into guest(Guest_ID, Booking_Ref_ID) values('T1I3G8Y7P4ZS', 'VBGT7T56JOPE');
INSERT into guest(Guest_ID, Booking_Ref_ID) values('J2O1T9K7U0X5', '65YUL0O4G0LL');
INSERT into guest(Guest_ID, Booking_Ref_ID) values('Y9Z2W5M8K4LA', 'NMNMR94UI0RT');
INSERT into guest(Guest_ID, Booking_Ref_ID) values('G8V9H2I3P4Q5', 'IIIII3B2412P');
INSERT into guest(Guest_ID, Booking_Ref_ID) values('O2U5X7E1W4V4', 'YJRT33300HJJ');
INSERT into guest(Guest_ID, Booking_Ref_ID) values('D8Z6O0V4I9E7', 'P754LEBUION6');
INSERT into guest(Guest_ID, Booking_Ref_ID) values('R3L6W1J4K8F0', 'LPR34067IYYY');
INSERT into guest(Guest_ID, Booking_Ref_ID) values('Y0D8V1J7F6Q6', 'OOYUL45UIPOP');
INSERT into guest(Guest_ID, Booking_Ref_ID) values('F3O9B7W6X2T4', '96787T56JO00');
INSERT into guest(Guest_ID, Booking_Ref_ID) values('G4M6P0J8S3I1', 'UYTRL94UI453');
INSERT into guest(Guest_ID, Booking_Ref_ID) values('N6Z5K9W2Q3X8', 'EEOII3B2493E');
INSERT into guest(Guest_ID, Booking_Ref_ID) values('X4O1A6H3R9W2', '87PPP3300HJJ');
INSERT into guest(Guest_ID, Booking_Ref_ID) values('B2Y1X9C7K6L0', '876U825UI0PK');
INSERT into guest(Guest_ID, Booking_Ref_ID) values('S6V7W3M0T2L1', 'VGY6696II0OO');
INSERT into guest(Guest_ID, Booking_Ref_ID) values('Y7O9U1S2F3H6', '980RTUUU0KTY');
INSERT into guest(Guest_ID, Booking_Ref_ID) values('P2K3X7R6I0D8', 'FTYUL94UI075');
INSERT into guest(Guest_ID, Booking_Ref_ID) values('R1P5K8S7D3W2', 'PLCPL0OUI023');
INSERT into guest(Guest_ID, Booking_Ref_ID) values('I3P4J7Q6Z0T5', 'QWERL0O450UU');
INSERT into guest(Guest_ID, Booking_Ref_ID) values('Y7O9U1S2FPPP', 'G78I4KIUI345');
INSERT into guest(Guest_ID, Booking_Ref_ID) values('X5R7V0F1J4M6', 'OJ4583300HJJ');
INSERT into guest(Guest_ID, Booking_Ref_ID) values('P7Q6D2S5W9M1', 'ZXP46YB2412P');
INSERT into guest(Guest_ID, Booking_Ref_ID) values('T9X0U3L1H2E4', 'KOPL94UI10PK');
INSERT into guest(Guest_ID, Booking_Ref_ID) values('P7Q6D2S5WL67', '9E47L944YYPK');
INSERT into guest(Guest_ID, Booking_Ref_ID) values('N9R1X2Y7O8H6', 'LLRRL914Y5PE');
INSERT into guest(Guest_ID, Booking_Ref_ID) values('D1B2G3Z4M5J6', 'WWWWLUUYY5PE');
INSERT into guest(Guest_ID, Booking_Ref_ID) values('P479LOYUW9M1', 'OIU5675NH0PL');
INSERT into guest(Guest_ID, Booking_Ref_ID) values('X5R7V0FLHTY2', 'OIU5675NRREE');
INSERT into guest(Guest_ID, Booking_Ref_ID) values('LKI7VKL654WE', '8310I96NH0OP');
INSERT into guest(Guest_ID, Booking_Ref_ID) values('T9X0U3L14794', 'UKL4NT340943');
INSERT into guest(Guest_ID, Booking_Ref_ID) values('267KIYTBJJT1', '659UO43PO782');
INSERT into guest(Guest_ID, Booking_Ref_ID) values('UIPOL4786GH1', 'UIO64PO78NHY');


